MetalUI	Sources/MetalUI/AccessibilityAdjustment.swift:2	-	enum	AccessibilityAdjustmentDirection
MetalUI	Sources/MetalUI/AccessibilityAdjustment.swift:14	-	struct	AccessibilityAdjustment
MetalUI	Sources/MetalUI/AccessibilityAdjustment.swift:15	AccessibilityAdjustment	let	direction
MetalUI	Sources/MetalUI/AccessibilityAdjustment.swift:16	AccessibilityAdjustment	init	init
MetalUI	Sources/MetalUI/AccessibilityModifiers.swift:34	StyledElement	func	accessibilityLabel
MetalUI	Sources/MetalUI/AccessibilityModifiers.swift:44	StyledElement	func	accessibilityValue
MetalUI	Sources/MetalUI/AccessibilityModifiers.swift:60	StyledElement	func	accessibilityAdjustableAction
MetalUI	Sources/MetalUI/AccessibilityModifiers.swift:78	StyledElement	func	accessibilityElement
MetalUI	Sources/MetalUI/AccessibilityModifiers.swift:86	StyledElement	func	accessibilityHidden
MetalUI	Sources/MetalUI/AccessibilityModifiers.swift:93	StyledElement	func	accessibilityHint
MetalUI	Sources/MetalUI/AccessibilityModifiers.swift:99	StyledElement	func	accessibilityIdentifier
MetalUI	Sources/MetalUI/AccessibilityModifiers.swift:104	StyledElement	func	accessibilityAddTraits
MetalUI	Sources/MetalUI/AccessibilityModifiers.swift:110	StyledElement	func	accessibilityRemoveTraits
MetalUI	Sources/MetalUI/AccessibilityModifiers.swift:121	StyledElement	func	accessibilityAction
MetalUI	Sources/MetalUI/AccessibilityModifiers.swift:128	StyledElement	func	accessibilityAction
MetalUI	Sources/MetalUI/AccessibilityTraits.swift:14	-	enum	AccessibilityChildBehavior
MetalUI	Sources/MetalUI/AccessibilityTraits.swift:43	-	struct	AccessibilityTraits
MetalUI	Sources/MetalUI/AccessibilityTraits.swift:44	AccessibilityTraits	let	rawValue
MetalUI	Sources/MetalUI/AccessibilityTraits.swift:45	AccessibilityTraits	init	init
MetalUI	Sources/MetalUI/AccessibilityTraits.swift:47	AccessibilityTraits	let	isButton
MetalUI	Sources/MetalUI/AccessibilityTraits.swift:48	AccessibilityTraits	let	isHeader
MetalUI	Sources/MetalUI/AccessibilityTraits.swift:49	AccessibilityTraits	let	isSelected
MetalUI	Sources/MetalUI/AccessibilityTraits.swift:50	AccessibilityTraits	let	isLink
MetalUI	Sources/MetalUI/AccessibilityTraits.swift:51	AccessibilityTraits	let	isImage
MetalUI	Sources/MetalUI/AccessibilityTraits.swift:52	AccessibilityTraits	let	isStaticText
MetalUI	Sources/MetalUI/AccessibilityTraits.swift:53	AccessibilityTraits	let	isModal
MetalUI	Sources/MetalUI/AccessibilityTraits.swift:54	AccessibilityTraits	let	updatesFrequently
MetalUI	Sources/MetalUI/Action.swift:21	-	protocol	Action
MetalUI	Sources/MetalUI/Action.swift:31	-	typealias	ActionHandler
MetalUI	Sources/MetalUI/Animation.swift:18	-	struct	Animation
MetalUI	Sources/MetalUI/Animation.swift:118	Animation	func	linear
MetalUI	Sources/MetalUI/Animation.swift:126	Animation	func	easeIn
MetalUI	Sources/MetalUI/Animation.swift:131	Animation	func	easeOut
MetalUI	Sources/MetalUI/Animation.swift:136	Animation	func	easeInOut
MetalUI	Sources/MetalUI/Animation.swift:168	Animation	func	timingCurve
MetalUI	Sources/MetalUI/Animation.swift:212	Animation	func	spring
MetalUI	Sources/MetalUI/Animation.swift:230	Animation	let	`default`
MetalUI	Sources/MetalUI/Animation.swift:239	Animation	func	value
MetalUI	Sources/MetalUI/Animation.swift:727	-	func	withAnimation
MetalUI	Sources/MetalUI/AnimationScope.swift:27	-	struct	TransactionScopeLayout
MetalUI	Sources/MetalUI/AnimationScope.swift:42	-	struct	TransactionScope
MetalUI	Sources/MetalUI/AnimationScope.swift:51	TransactionScope	func	requestGroupLayout
MetalUI	Sources/MetalUI/AnimationScope.swift:62	TransactionScope	func	prepaintGroup
MetalUI	Sources/MetalUI/AnimationScope.swift:68	TransactionScope	func	paintGroup
MetalUI	Sources/MetalUI/AnimationScope.swift:83	TransactionScope	func	requestProposalGroupLayout
MetalUI	Sources/MetalUI/AnimationScope.swift:134	ElementGroup	func	animation
MetalUI	Sources/MetalUI/AnimationScope.swift:144	ElementGroup	func	transaction
MetalUI	Sources/MetalUI/AnyElement.swift:88	-	protocol	ElementObject
MetalUI	Sources/MetalUI/AnyElement.swift:132	-	struct	AnyElementBox
MetalUI	Sources/MetalUI/AnyElement.swift:137	AnyElementBox	init	init
MetalUI	Sources/MetalUI/AnyElement.swift:139	AnyElementBox	var	elementID
MetalUI	Sources/MetalUI/AnyElement.swift:141	AnyElementBox	func	requestLayout
MetalUI	Sources/MetalUI/AnyElement.swift:156	AnyElementBox	func	prepaint
MetalUI	Sources/MetalUI/AnyElement.swift:170	AnyElementBox	func	paint
MetalUI	Sources/MetalUI/AnyElement.swift:205	-	struct	AnyElement
MetalUI	Sources/MetalUI/AnyElement.swift:208	AnyElement	init	init
MetalUI	Sources/MetalUI/AnyElement.swift:213	AnyElement	var	elementID
MetalUI	Sources/MetalUI/AnyElement.swift:215	AnyElement	func	requestLayout
MetalUI	Sources/MetalUI/AnyElement.swift:220	AnyElement	func	prepaint
MetalUI	Sources/MetalUI/AnyElement.swift:225	AnyElement	func	paint
MetalUI	Sources/MetalUI/App.swift:21	-	enum	AppError
MetalUI	Sources/MetalUI/App.swift:23	AppError	var	description
MetalUI	Sources/MetalUI/App.swift:32	-	class	App
MetalUI	Sources/MetalUI/App.swift:43	App	let	device
MetalUI	Sources/MetalUI/App.swift:45	App	init	init
MetalUI	Sources/MetalUI/App.swift:55	App	init	init
MetalUI	Sources/MetalUI/App.swift:64	App	init	init
MetalUI	Sources/MetalUI/App.swift:74	App	init	init
MetalUI	Sources/MetalUI/App.swift:90	App	func	openWindow
MetalUI	Sources/MetalUI/App.swift:122	App	func	run
MetalUI	Sources/MetalUI/AXNode.swift:10	-	enum	AXRole
MetalUI	Sources/MetalUI/AXNode.swift:41	-	enum	AXTrait
MetalUI	Sources/MetalUI/AXNode.swift:58	-	enum	AXActionKind
MetalUI	Sources/MetalUI/AXNode.swift:97	-	struct	AXNode
MetalUI	Sources/MetalUI/AXNode.swift:98	AXNode	var	role
MetalUI	Sources/MetalUI/AXNode.swift:99	AXNode	var	label
MetalUI	Sources/MetalUI/AXNode.swift:100	AXNode	var	value
MetalUI	Sources/MetalUI/AXNode.swift:101	AXNode	var	traits
MetalUI	Sources/MetalUI/AXNode.swift:105	AXNode	var	actions
MetalUI	Sources/MetalUI/AXNode.swift:124	AXNode	var	logicalCount
MetalUI	Sources/MetalUI/AXNode.swift:174	AXNode	var	frame
MetalUI	Sources/MetalUI/AXNode.swift:205	AXNode	var	children
MetalUI	Sources/MetalUI/AXNode.swift:233	AXNode	var	isValid
MetalUI	Sources/MetalUI/AXNode.swift:243	AXNode	init	init
MetalUI	Sources/MetalUI/AXNode.swift:256	AXNode	init	init
MetalUI	Sources/MetalUI/AXNode.swift:274	AXNode	var	isEmpty
MetalUI	Sources/MetalUI/Binding.swift:51	-	struct	Binding
MetalUI	Sources/MetalUI/Binding.swift:60	Binding	var	transaction
MetalUI	Sources/MetalUI/Binding.swift:64	Binding	init	init
MetalUI	Sources/MetalUI/Binding.swift:86	Binding	func	animation
MetalUI	Sources/MetalUI/Binding.swift:94	Binding	func	transaction
MetalUI	Sources/MetalUI/Binding.swift:110	Binding	func	constant
MetalUI	Sources/MetalUI/Binding.swift:114	Binding	var	wrappedValue
MetalUI	Sources/MetalUI/Binding.swift:126	Binding	var	projectedValue
MetalUI	Sources/MetalUI/Binding.swift:130	Binding	init	init
MetalUI	Sources/MetalUI/Binding.swift:142	Binding	subscript	subscript
MetalUI	Sources/MetalUI/Binding.swift:155	Binding	init	init
MetalUI	Sources/MetalUI/Binding.swift:167	Binding	init	init?
MetalUI	Sources/MetalUI/Box.swift:32	-	struct	Box
MetalUI	Sources/MetalUI/Box.swift:33	Box	var	style
MetalUI	Sources/MetalUI/Box.swift:34	Box	var	decoration
MetalUI	Sources/MetalUI/Box.swift:35	Box	var	elementID
MetalUI	Sources/MetalUI/Box.swift:36	Box	var	handlers
MetalUI	Sources/MetalUI/Box.swift:37	Box	var	content
MetalUI	Sources/MetalUI/Box.swift:45	Box	init	init
MetalUI	Sources/MetalUI/Box.swift:53	Box	init	init
MetalUI	Sources/MetalUI/Box.swift:64	Box	struct	Layout
MetalUI	Sources/MetalUI/Box.swift:65	Box.Layout	var	node
MetalUI	Sources/MetalUI/Box.swift:69	Box	func	requestLayout
MetalUI	Sources/MetalUI/Box.swift:98	Box	func	prepaint
MetalUI	Sources/MetalUI/Box.swift:122	Box	func	paint
MetalUI	Sources/MetalUI/Box.swift:162	Box	init	init
MetalUI	Sources/MetalUI/Box.swift:183	Box	func	flexDirection
MetalUI	Sources/MetalUI/Box.swift:211	-	struct	Decoration
MetalUI	Sources/MetalUI/Box.swift:212	Decoration	var	background
MetalUI	Sources/MetalUI/Box.swift:213	Decoration	var	cornerRadius
MetalUI	Sources/MetalUI/Box.swift:229	Decoration	var	hoverBackground
MetalUI	Sources/MetalUI/Box.swift:243	Decoration	var	focusBackground
MetalUI	Sources/MetalUI/Box.swift:263	Decoration	var	border
MetalUI	Sources/MetalUI/Box.swift:268	Decoration	var	hoverBorder
MetalUI	Sources/MetalUI/Box.swift:290	Decoration	var	focusBorder
MetalUI	Sources/MetalUI/Box.swift:317	Decoration	var	opacity
MetalUI	Sources/MetalUI/Box.swift:332	Decoration	var	clipsContent
MetalUI	Sources/MetalUI/Box.swift:397	Decoration	func	setOpacity
MetalUI	Sources/MetalUI/Box.swift:417	Decoration	init	init
MetalUI	Sources/MetalUI/Box.swift:453	-	struct	BorderStyle
MetalUI	Sources/MetalUI/Box.swift:457	BorderStyle	var	color
MetalUI	Sources/MetalUI/Box.swift:461	BorderStyle	var	widths
MetalUI	Sources/MetalUI/Box.swift:464	BorderStyle	init	init
MetalUI	Sources/MetalUI/Box.swift:469	BorderStyle	init	init
MetalUI	Sources/MetalUI/Box.swift:476	BorderStyle	func	withWidths
MetalUI	Sources/MetalUI/Box.swift:519	-	protocol	StyledElement
MetalUI	Sources/MetalUI/Box.swift:611	StyledElement	func	onClick
MetalUI	Sources/MetalUI/Box.swift:651	StyledElement	func	focusable
MetalUI	Sources/MetalUI/Box.swift:681	StyledElement	func	onKey
MetalUI	Sources/MetalUI/Box.swift:716	StyledElement	func	onAction
MetalUI	Sources/MetalUI/Box.swift:766	StyledElement	func	keyContext
MetalUI	Sources/MetalUI/Box.swift:783	StyledElement	func	id
MetalUI	Sources/MetalUI/Box.swift:797	StyledElement	func	background
MetalUI	Sources/MetalUI/Box.swift:815	StyledElement	func	hoverBackground
MetalUI	Sources/MetalUI/Box.swift:832	StyledElement	func	focusBackground
MetalUI	Sources/MetalUI/Box.swift:848	StyledElement	func	cornerRadius
MetalUI	Sources/MetalUI/Box.swift:912	StyledElement	func	width
MetalUI	Sources/MetalUI/Box.swift:919	StyledElement	func	height
MetalUI	Sources/MetalUI/Box.swift:946	StyledElement	func	width
MetalUI	Sources/MetalUI/Box.swift:954	StyledElement	func	height
MetalUI	Sources/MetalUI/Box.swift:962	StyledElement	func	width
MetalUI	Sources/MetalUI/Box.swift:968	StyledElement	func	height
MetalUI	Sources/MetalUI/Box.swift:977	StyledElement	func	minWidth
MetalUI	Sources/MetalUI/Box.swift:1007	StyledElement	func	minHeight
MetalUI	Sources/MetalUI/Box.swift:1016	StyledElement	func	maxWidth
MetalUI	Sources/MetalUI/Box.swift:1023	StyledElement	func	maxHeight
MetalUI	Sources/MetalUI/Box.swift:1038	StyledElement	func	padding
MetalUI	Sources/MetalUI/Box.swift:1063	StyledElement	func	padding
MetalUI	Sources/MetalUI/Box.swift:1071	StyledElement	func	margin
MetalUI	Sources/MetalUI/Box.swift:1079	StyledElement	func	margin
MetalUI	Sources/MetalUI/Box.swift:1099	StyledElement	func	gap
MetalUI	Sources/MetalUI/Box.swift:1103	StyledElement	func	gap
MetalUI	Sources/MetalUI/Box.swift:1107	StyledElement	func	justifyContent
MetalUI	Sources/MetalUI/Box.swift:1113	StyledElement	func	alignItems
MetalUI	Sources/MetalUI/Box.swift:1124	StyledElement	func	flexGrow
MetalUI	Sources/MetalUI/Box.swift:1128	StyledElement	func	flexShrink
MetalUI	Sources/MetalUI/Box.swift:1132	StyledElement	func	flexBasis
MetalUI	Sources/MetalUI/Box.swift:1138	StyledElement	func	flexBasis
MetalUI	Sources/MetalUI/Box.swift:1145	StyledElement	func	flexBasis
MetalUI	Sources/MetalUI/Box.swift:1150	StyledElement	func	alignSelf
MetalUI	Sources/MetalUI/Box.swift:1189	StyledElement	func	position
MetalUI	Sources/MetalUI/Box.swift:1214	StyledElement	func	inset
MetalUI	Sources/MetalUI/Box.swift:1221	StyledElement	func	inset
MetalUI	Sources/MetalUI/Box.swift:1241	StyledElement	func	hidden
MetalUI	Sources/MetalUI/Box.swift:1289	StyledElement	func	border
MetalUI	Sources/MetalUI/Box.swift:1294	StyledElement	func	border
MetalUI	Sources/MetalUI/Box.swift:1305	StyledElement	func	hoverBorder
MetalUI	Sources/MetalUI/Box.swift:1310	StyledElement	func	hoverBorder
MetalUI	Sources/MetalUI/Box.swift:1326	StyledElement	func	focusBorder
MetalUI	Sources/MetalUI/Box.swift:1331	StyledElement	func	focusBorder
MetalUI	Sources/MetalUI/Box.swift:1358	StyledElement	func	opacity
MetalUI	Sources/MetalUI/Box.swift:1376	StyledElement	func	clipped
MetalUI	Sources/MetalUI/Box.swift:1421	StyledElement	func	allowsHitTesting
MetalUI	Sources/MetalUI/Box.swift:1459	StyledElement	func	contentShape
MetalUI	Sources/MetalUI/Box.swift:1464	StyledElement	func	contentShape
MetalUI	Sources/MetalUI/Box.swift:1485	StyledElement	func	contentShape
MetalUI	Sources/MetalUI/Button.swift:46	-	struct	Button
MetalUI	Sources/MetalUI/Button.swift:47	Button	var	style
MetalUI	Sources/MetalUI/Button.swift:48	Button	var	decoration
MetalUI	Sources/MetalUI/Button.swift:49	Button	var	elementID
MetalUI	Sources/MetalUI/Button.swift:50	Button	var	handlers
MetalUI	Sources/MetalUI/Button.swift:58	Button	init	init
MetalUI	Sources/MetalUI/Button.swift:88	Button	func	requestLayout
MetalUI	Sources/MetalUI/Button.swift:118	Button	func	prepaint
MetalUI	Sources/MetalUI/Button.swift:139	Button	func	paint
MetalUI	Sources/MetalUI/Button.swift:171	Button	init	init
MetalUI	Sources/MetalUI/Button.swift:184	Button	func	buttonStyle
MetalUI	Sources/MetalUI/Button.swift:196	Button	func	keyboardShortcut
MetalUI	Sources/MetalUI/Button.swift:202	Button	func	keyboardShortcut
MetalUI	Sources/MetalUI/Button.swift:209	Button	func	keyboardShortcut
MetalUI	Sources/MetalUI/Button.swift:218	Button	init	init
MetalUI	Sources/MetalUI/Button.swift:224	Button	init	init
MetalUI	Sources/MetalUI/ButtonStyle.swift:14	-	struct	ButtonRole
MetalUI	Sources/MetalUI/ButtonStyle.swift:19	ButtonRole	let	destructive
MetalUI	Sources/MetalUI/ButtonStyle.swift:21	ButtonRole	let	cancel
MetalUI	Sources/MetalUI/ButtonStyle.swift:23	ButtonRole	let	confirm
MetalUI	Sources/MetalUI/ButtonStyle.swift:25	ButtonRole	let	close
MetalUI	Sources/MetalUI/ButtonStyle.swift:46	-	struct	ButtonStyle
MetalUI	Sources/MetalUI/ButtonStyle.swift:51	ButtonStyle	let	automatic
MetalUI	Sources/MetalUI/ButtonStyle.swift:53	ButtonStyle	let	bordered
MetalUI	Sources/MetalUI/ButtonStyle.swift:55	ButtonStyle	let	borderless
MetalUI	Sources/MetalUI/ButtonStyle.swift:57	ButtonStyle	let	plain
MetalUI	Sources/MetalUI/ClipShape.swift:13	ProposalElementGroup	func	clipShape
MetalUI	Sources/MetalUI/ClipShape.swift:19	ProposalElementGroup	func	clipped
MetalUI	Sources/MetalUI/ClipShape.swift:27	ProposalElementGroup	func	cornerRadius
MetalUI	Sources/MetalUI/ClipShape.swift:39	StyledElement	func	clipShape
MetalUI	Sources/MetalUI/ClipShape.swift:72	ElementGroup	func	background
MetalUI	Sources/MetalUI/ClipShape.swift:80	ElementGroup	func	background
MetalUI	Sources/MetalUI/Component.swift:72	-	protocol	Component
MetalUI	Sources/MetalUI/Component.swift:89	-	struct	ComponentLayout
MetalUI	Sources/MetalUI/Component.swift:95	Component	var	elementID
MetalUI	Sources/MetalUI/Component.swift:97	Component	func	requestGroupLayout
MetalUI	Sources/MetalUI/Component.swift:249	Component	func	prepaintGroup
MetalUI	Sources/MetalUI/Component.swift:255	Component	func	paintGroup
MetalUI	Sources/MetalUI/Component.swift:403	-	struct	StyledComponent
MetalUI	Sources/MetalUI/Component.swift:409	StyledComponent	func	requestGroupLayout
MetalUI	Sources/MetalUI/Component.swift:447	StyledComponent	func	prepaintGroup
MetalUI	Sources/MetalUI/Component.swift:453	StyledComponent	func	paintGroup
MetalUI	Sources/MetalUI/Component.swift:487	Component	func	padding
MetalUI	Sources/MetalUI/Component.swift:506	Component	func	width
MetalUI	Sources/MetalUI/Component.swift:525	Component	func	height
MetalUI	Sources/MetalUI/Component.swift:553	StyledComponent	func	padding
MetalUI	Sources/MetalUI/Component.swift:557	StyledComponent	func	width
MetalUI	Sources/MetalUI/Component.swift:561	StyledComponent	func	height
MetalUI	Sources/MetalUI/Deferred.swift:55	-	struct	Deferred
MetalUI	Sources/MetalUI/Deferred.swift:56	Deferred	var	elementID
MetalUI	Sources/MetalUI/Deferred.swift:57	Deferred	var	content
MetalUI	Sources/MetalUI/Deferred.swift:59	Deferred	init	init
MetalUI	Sources/MetalUI/Deferred.swift:64	Deferred	struct	LayoutState
MetalUI	Sources/MetalUI/Deferred.swift:68	Deferred	func	requestLayout
MetalUI	Sources/MetalUI/Deferred.swift:125	Deferred	func	prepaint
MetalUI	Sources/MetalUI/Deferred.swift:135	Deferred	func	paint
MetalUI	Sources/MetalUI/Element.swift:44	-	protocol	Element
MetalUI	Sources/MetalUI/Element.swift:95	Element	var	elementID
MetalUI	Sources/MetalUI/ElementBuilder.swift:42	-	enum	ElementBuilder
MetalUI	Sources/MetalUI/ElementBuilder.swift:44	ElementBuilder	func	buildBlock
MetalUI	Sources/MetalUI/ElementBuilder.swift:46	ElementBuilder	func	buildPartialBlock
MetalUI	Sources/MetalUI/ElementBuilder.swift:48	ElementBuilder	func	buildPartialBlock
MetalUI	Sources/MetalUI/ElementBuilder.swift:55	ElementBuilder	func	buildOptional
MetalUI	Sources/MetalUI/ElementBuilder.swift:62	ElementBuilder	func	buildEither
MetalUI	Sources/MetalUI/ElementBuilder.swift:69	ElementBuilder	func	buildEither
MetalUI	Sources/MetalUI/ElementBuilder.swift:76	ElementBuilder	func	buildArray
MetalUI	Sources/MetalUI/ElementGroup.swift:44	-	protocol	ElementGroup
MetalUI	Sources/MetalUI/ElementGroup.swift:113	-	struct	SingleElementLayout
MetalUI	Sources/MetalUI/ElementGroup.swift:128	Element	func	requestGroupLayout
MetalUI	Sources/MetalUI/ElementGroup.swift:138	Element	func	prepaintGroup
MetalUI	Sources/MetalUI/ElementGroup.swift:173	Element	func	paintGroup
MetalUI	Sources/MetalUI/ElementGroup.swift:192	-	struct	EmptyGroup
MetalUI	Sources/MetalUI/ElementGroup.swift:193	EmptyGroup	init	init
MetalUI	Sources/MetalUI/ElementGroup.swift:196	EmptyGroup	func	requestGroupLayout
MetalUI	Sources/MetalUI/ElementGroup.swift:202	EmptyGroup	func	prepaintGroup
MetalUI	Sources/MetalUI/ElementGroup.swift:204	EmptyGroup	func	paintGroup
MetalUI	Sources/MetalUI/ElementGroup.swift:213	-	struct	Pair
MetalUI	Sources/MetalUI/ElementGroup.swift:214	Pair	var	first
MetalUI	Sources/MetalUI/ElementGroup.swift:215	Pair	var	second
MetalUI	Sources/MetalUI/ElementGroup.swift:217	Pair	init	init
MetalUI	Sources/MetalUI/ElementGroup.swift:222	Pair	struct	Layout
MetalUI	Sources/MetalUI/ElementGroup.swift:227	Pair	struct	Prepaint
MetalUI	Sources/MetalUI/ElementGroup.swift:238	Pair	func	requestGroupLayout
MetalUI	Sources/MetalUI/ElementGroup.swift:249	Pair	func	prepaintGroup
MetalUI	Sources/MetalUI/ElementGroup.swift:255	Pair	func	paintGroup
MetalUI	Sources/MetalUI/ElementGroup.swift:286	-	struct	OptionalGroup
MetalUI	Sources/MetalUI/ElementGroup.swift:287	OptionalGroup	var	wrapped
MetalUI	Sources/MetalUI/ElementGroup.swift:289	OptionalGroup	init	init
MetalUI	Sources/MetalUI/ElementGroup.swift:295	OptionalGroup	func	requestGroupLayout
MetalUI	Sources/MetalUI/ElementGroup.swift:316	OptionalGroup	func	prepaintGroup
MetalUI	Sources/MetalUI/ElementGroup.swift:329	OptionalGroup	func	paintGroup
MetalUI	Sources/MetalUI/ElementGroup.swift:366	-	enum	EitherGroup
MetalUI	Sources/MetalUI/ElementGroup.swift:378	EitherGroup	enum	Layout
MetalUI	Sources/MetalUI/ElementGroup.swift:383	EitherGroup	enum	Prepaint
MetalUI	Sources/MetalUI/ElementGroup.swift:427	EitherGroup	func	requestGroupLayout
MetalUI	Sources/MetalUI/ElementGroup.swift:456	EitherGroup	func	prepaintGroup
MetalUI	Sources/MetalUI/ElementGroup.swift:474	EitherGroup	func	paintGroup
MetalUI	Sources/MetalUI/ElementGroup.swift:531	-	struct	ArrayGroup
MetalUI	Sources/MetalUI/ElementGroup.swift:532	ArrayGroup	var	groups
MetalUI	Sources/MetalUI/ElementGroup.swift:534	ArrayGroup	init	init
MetalUI	Sources/MetalUI/ElementGroup.swift:556	ArrayGroup	func	requestGroupLayout
MetalUI	Sources/MetalUI/ElementGroup.swift:579	ArrayGroup	func	prepaintGroup
MetalUI	Sources/MetalUI/ElementGroup.swift:590	ArrayGroup	func	paintGroup
MetalUI	Sources/MetalUI/ElementGroup.swift:627	AnyElement	struct	GroupLayout
MetalUI	Sources/MetalUI/ElementGroup.swift:658	AnyElement	func	requestGroupLayout
MetalUI	Sources/MetalUI/ElementGroup.swift:669	AnyElement	func	prepaintGroup
MetalUI	Sources/MetalUI/ElementGroup.swift:694	AnyElement	func	paintGroup
MetalUI	Sources/MetalUI/ElementID.swift:5	-	struct	ElementID
MetalUI	Sources/MetalUI/ElementID.swift:6	ElementID	let	name
MetalUI	Sources/MetalUI/ElementID.swift:7	ElementID	init	init
MetalUI	Sources/MetalUI/ElementID.swift:21	-	enum	PathComponent
MetalUI	Sources/MetalUI/ElementID.swift:53	-	class	GlobalElementID
MetalUI	Sources/MetalUI/ElementID.swift:54	GlobalElementID	let	component
MetalUI	Sources/MetalUI/ElementID.swift:55	GlobalElementID	let	parent
MetalUI	Sources/MetalUI/ElementID.swift:58	GlobalElementID	init	init
MetalUI	Sources/MetalUI/ElementID.swift:79	GlobalElementID	func	child
MetalUI	Sources/MetalUI/ElementID.swift:130	GlobalElementID	func	==
MetalUI	Sources/MetalUI/ElementID.swift:144	GlobalElementID	func	hash
MetalUI	Sources/MetalUI/EnvironmentProperty.swift:39	-	struct	Environment
MetalUI	Sources/MetalUI/EnvironmentProperty.swift:66	Environment	init	init
MetalUI	Sources/MetalUI/EnvironmentProperty.swift:70	Environment	var	wrappedValue
MetalUI	Sources/MetalUI/EnvironmentScope.swift:19	-	struct	EnvironmentScopeLayout
MetalUI	Sources/MetalUI/EnvironmentScope.swift:63	-	struct	EnvironmentScope
MetalUI	Sources/MetalUI/EnvironmentScope.swift:72	EnvironmentScope	func	requestGroupLayout
MetalUI	Sources/MetalUI/EnvironmentScope.swift:85	EnvironmentScope	func	prepaintGroup
MetalUI	Sources/MetalUI/EnvironmentScope.swift:93	EnvironmentScope	func	paintGroup
MetalUI	Sources/MetalUI/EnvironmentScope.swift:115	EnvironmentScope	func	requestProposalGroupLayout
MetalUI	Sources/MetalUI/EnvironmentScope.swift:133	ElementGroup	func	environment
MetalUI	Sources/MetalUI/EnvironmentScope.swift:142	ElementGroup	func	transformEnvironment
MetalUI	Sources/MetalUI/EnvironmentScope.swift:163	ElementGroup	func	disabled
MetalUI	Sources/MetalUI/EnvironmentScope.swift:169	ElementGroup	func	dynamicTypeSize
MetalUI	Sources/MetalUI/EnvironmentScope.swift:178	ElementGroup	func	controlSize
MetalUI	Sources/MetalUI/EnvironmentScope.swift:188	ElementGroup	func	theme
MetalUI	Sources/MetalUI/EnvironmentValues.swift:9	-	protocol	EnvironmentKey
MetalUI	Sources/MetalUI/EnvironmentValues.swift:49	-	struct	EnvironmentValues
MetalUI	Sources/MetalUI/EnvironmentValues.swift:66	EnvironmentValues	init	init
MetalUI	Sources/MetalUI/EnvironmentValues.swift:91	EnvironmentValues	var	isEnabled
MetalUI	Sources/MetalUI/EnvironmentValues.swift:95	EnvironmentValues	var	layoutDirection
MetalUI	Sources/MetalUI/EnvironmentValues.swift:102	EnvironmentValues	var	locale
MetalUI	Sources/MetalUI/EnvironmentValues.swift:109	EnvironmentValues	var	dynamicTypeSize
MetalUI	Sources/MetalUI/EnvironmentValues.swift:134	EnvironmentValues	var	displayScale
MetalUI	Sources/MetalUI/EnvironmentValues.swift:146	EnvironmentValues	var	pixelLength
MetalUI	Sources/MetalUI/EnvironmentValues.swift:161	EnvironmentValues	var	controlActiveState
MetalUI	Sources/MetalUI/EnvironmentValues.swift:178	EnvironmentValues	var	accessibilityReduceMotion
MetalUI	Sources/MetalUI/EnvironmentValues.swift:194	EnvironmentValues	var	controlSize
MetalUI	Sources/MetalUI/EnvironmentValues.swift:202	EnvironmentValues	var	font
MetalUI	Sources/MetalUI/EnvironmentValues.swift:207	EnvironmentValues	var	lineLimit
MetalUI	Sources/MetalUI/EnvironmentValues.swift:213	EnvironmentValues	var	truncationMode
MetalUI	Sources/MetalUI/EnvironmentValues.swift:216	EnvironmentValues	var	multilineTextAlignment
MetalUI	Sources/MetalUI/EnvironmentValues.swift:242	EnvironmentValues	subscript	subscript
MetalUI	Sources/MetalUI/EnvironmentValues.swift:262	-	enum	DynamicTypeSize
MetalUI	Sources/MetalUI/EnvironmentValues.swift:267	DynamicTypeSize	var	isAccessibilitySize
MetalUI	Sources/MetalUI/EnvironmentValues.swift:275	-	enum	ControlSize
MetalUI	Sources/MetalUI/ExplicitIdentity.swift:5	-	struct	IdentifiedGroupLayout
MetalUI	Sources/MetalUI/ExplicitIdentity.swift:42	-	struct	IdentifiedGroup
MetalUI	Sources/MetalUI/ExplicitIdentity.swift:43	IdentifiedGroup	var	content
MetalUI	Sources/MetalUI/ExplicitIdentity.swift:44	IdentifiedGroup	var	name
MetalUI	Sources/MetalUI/ExplicitIdentity.swift:46	IdentifiedGroup	init	init
MetalUI	Sources/MetalUI/ExplicitIdentity.swift:62	IdentifiedGroup	func	requestGroupLayout
MetalUI	Sources/MetalUI/ExplicitIdentity.swift:72	IdentifiedGroup	func	prepaintGroup
MetalUI	Sources/MetalUI/ExplicitIdentity.swift:77	IdentifiedGroup	func	paintGroup
MetalUI	Sources/MetalUI/ExplicitIdentity.swift:89	IdentifiedGroup	func	requestProposalGroupLayout
MetalUI	Sources/MetalUI/ExplicitIdentity.swift:107	ElementGroup	func	id
MetalUI	Sources/MetalUI/Flex.swift:26	-	struct	Column
MetalUI	Sources/MetalUI/Flex.swift:29	Column	init	init
MetalUI	Sources/MetalUI/Flex.swift:60	Column	var	style
MetalUI	Sources/MetalUI/Flex.swift:65	Column	var	decoration
MetalUI	Sources/MetalUI/Flex.swift:70	Column	var	elementID
MetalUI	Sources/MetalUI/Flex.swift:78	Column	var	handlers
MetalUI	Sources/MetalUI/Flex.swift:83	Column	func	requestLayout
MetalUI	Sources/MetalUI/Flex.swift:88	Column	func	prepaint
MetalUI	Sources/MetalUI/Flex.swift:94	Column	func	paint
MetalUI	Sources/MetalUI/Flex.swift:103	-	struct	Row
MetalUI	Sources/MetalUI/Flex.swift:106	Row	init	init
MetalUI	Sources/MetalUI/Flex.swift:116	Row	var	style
MetalUI	Sources/MetalUI/Flex.swift:121	Row	var	decoration
MetalUI	Sources/MetalUI/Flex.swift:126	Row	var	elementID
MetalUI	Sources/MetalUI/Flex.swift:134	Row	var	handlers
MetalUI	Sources/MetalUI/Flex.swift:139	Row	func	requestLayout
MetalUI	Sources/MetalUI/Flex.swift:144	Row	func	prepaint
MetalUI	Sources/MetalUI/Flex.swift:150	Row	func	paint
MetalUI	Sources/MetalUI/Focus.swift:11	-	typealias	KeyHandler
MetalUI	Sources/MetalUI/FocusState.swift:53	-	struct	FocusState
MetalUI	Sources/MetalUI/FocusState.swift:58	FocusState	init	init
MetalUI	Sources/MetalUI/FocusState.swift:64	FocusState	init	init
MetalUI	Sources/MetalUI/FocusState.swift:68	FocusState	var	wrappedValue
MetalUI	Sources/MetalUI/FocusState.swift:82	FocusState	var	projectedValue
MetalUI	Sources/MetalUI/FocusState.swift:87	FocusState	struct	Binding
MetalUI	Sources/MetalUI/FocusState.swift:90	FocusState.Binding	var	wrappedValue
MetalUI	Sources/MetalUI/FocusState.swift:95	FocusState.Binding	var	projectedValue
MetalUI	Sources/MetalUI/FocusState.swift:189	StyledElement	func	focused
MetalUI	Sources/MetalUI/FocusState.swift:196	StyledElement	func	focused
MetalUI	Sources/MetalUI/Font.swift:24	-	struct	Font
MetalUI	Sources/MetalUI/Font.swift:45	Font	func	system
MetalUI	Sources/MetalUI/Font.swift:50	Font	func	system
MetalUI	Sources/MetalUI/Font.swift:54	Font	let	largeTitle
MetalUI	Sources/MetalUI/Font.swift:55	Font	let	title
MetalUI	Sources/MetalUI/Font.swift:56	Font	let	title2
MetalUI	Sources/MetalUI/Font.swift:57	Font	let	title3
MetalUI	Sources/MetalUI/Font.swift:58	Font	let	headline
MetalUI	Sources/MetalUI/Font.swift:59	Font	let	subheadline
MetalUI	Sources/MetalUI/Font.swift:60	Font	let	body
MetalUI	Sources/MetalUI/Font.swift:61	Font	let	callout
MetalUI	Sources/MetalUI/Font.swift:62	Font	let	footnote
MetalUI	Sources/MetalUI/Font.swift:63	Font	let	caption
MetalUI	Sources/MetalUI/Font.swift:64	Font	let	caption2
MetalUI	Sources/MetalUI/Font.swift:68	Font	func	custom
MetalUI	Sources/MetalUI/Font.swift:73	Font	func	custom
MetalUI	Sources/MetalUI/Font.swift:78	Font	func	custom
MetalUI	Sources/MetalUI/Font.swift:84	Font	func	weight
MetalUI	Sources/MetalUI/Font.swift:91	Font	func	bold
MetalUI	Sources/MetalUI/Font.swift:95	Font	func	italic
MetalUI	Sources/MetalUI/Font.swift:104	Font	struct	Weight
MetalUI	Sources/MetalUI/Font.swift:105	Font.Weight	let	value
MetalUI	Sources/MetalUI/Font.swift:108	Font.Weight	let	ultraLight
MetalUI	Sources/MetalUI/Font.swift:109	Font.Weight	let	thin
MetalUI	Sources/MetalUI/Font.swift:110	Font.Weight	let	light
MetalUI	Sources/MetalUI/Font.swift:111	Font.Weight	let	regular
MetalUI	Sources/MetalUI/Font.swift:112	Font.Weight	let	medium
MetalUI	Sources/MetalUI/Font.swift:113	Font.Weight	let	semibold
MetalUI	Sources/MetalUI/Font.swift:114	Font.Weight	let	bold
MetalUI	Sources/MetalUI/Font.swift:115	Font.Weight	let	heavy
MetalUI	Sources/MetalUI/Font.swift:116	Font.Weight	let	black
MetalUI	Sources/MetalUI/Font.swift:120	Font	enum	Design
MetalUI	Sources/MetalUI/Font.swift:125	Font	enum	TextStyle
MetalUI	Sources/MetalUI/Font.swift:190	-	enum	TextAlignment
MetalUI	Sources/MetalUI/Font.swift:197	Text	enum	TruncationMode
MetalUI	Sources/MetalUI/ForEach.swift:52	-	struct	ForEach
MetalUI	Sources/MetalUI/ForEach.swift:53	ForEach	var	data
MetalUI	Sources/MetalUI/ForEach.swift:54	ForEach	var	content
MetalUI	Sources/MetalUI/ForEach.swift:60	ForEach	init	init
MetalUI	Sources/MetalUI/ForEach.swift:68	ForEach	struct	Layout
MetalUI	Sources/MetalUI/ForEach.swift:118	ForEach	func	requestGroupLayout
MetalUI	Sources/MetalUI/ForEach.swift:130	ForEach	func	prepaintGroup
MetalUI	Sources/MetalUI/ForEach.swift:142	ForEach	func	paintGroup
MetalUI	Sources/MetalUI/ForEach.swift:155	ForEach	init	init
MetalUI	Sources/MetalUI/ForEach.swift:162	ForEach	init	init
MetalUI	Sources/MetalUI/ForEach.swift:172	ForEach	func	requestProposalGroupLayout
MetalUI	Sources/MetalUI/ForEach.swift:201	ForEach	init	init
MetalUI	Sources/MetalUI/ForEach.swift:215	-	struct	ForEachBindingSlot
MetalUI	Sources/MetalUI/Frame.swift:31	-	class	Frame
MetalUI	Sources/MetalUI/Frame.swift:33	Frame	let	contentSize
MetalUI	Sources/MetalUI/Frame.swift:37	Frame	let	scaleFactor
MetalUI	Sources/MetalUI/Frame.swift:48	Frame	let	timestamp
MetalUI	Sources/MetalUI/FrameLayer.swift:169	ElementGroup	func	frame
MetalUI	Sources/MetalUI/FrameLayer.swift:201	ElementGroup	func	frame
MetalUI	Sources/MetalUI/Gesture.swift:28	-	protocol	Gesture
MetalUI	Sources/MetalUI/Gesture.swift:40	-	struct	_GestureRecognizers
MetalUI	Sources/MetalUI/Gesture.swift:85	-	struct	TapGesture
MetalUI	Sources/MetalUI/Gesture.swift:86	TapGesture	typealias	Value
MetalUI	Sources/MetalUI/Gesture.swift:89	TapGesture	var	count
MetalUI	Sources/MetalUI/Gesture.swift:92	TapGesture	init	init
MetalUI	Sources/MetalUI/Gesture.swift:97	TapGesture	func	onEnded
MetalUI	Sources/MetalUI/Gesture.swift:103	TapGesture	func	_recognizers
MetalUI	Sources/MetalUI/Gesture.swift:116	-	struct	LongPressGesture
MetalUI	Sources/MetalUI/Gesture.swift:117	LongPressGesture	typealias	Value
MetalUI	Sources/MetalUI/Gesture.swift:119	LongPressGesture	var	minimumDuration
MetalUI	Sources/MetalUI/Gesture.swift:120	LongPressGesture	var	maximumDistance
MetalUI	Sources/MetalUI/Gesture.swift:125	LongPressGesture	init	init
MetalUI	Sources/MetalUI/Gesture.swift:131	LongPressGesture	func	onEnded
MetalUI	Sources/MetalUI/Gesture.swift:138	LongPressGesture	func	onChanged
MetalUI	Sources/MetalUI/Gesture.swift:144	LongPressGesture	func	_recognizers
MetalUI	Sources/MetalUI/Gesture.swift:160	-	struct	DragGesture
MetalUI	Sources/MetalUI/Gesture.swift:162	DragGesture	struct	Value
MetalUI	Sources/MetalUI/Gesture.swift:163	DragGesture.Value	var	startLocation
MetalUI	Sources/MetalUI/Gesture.swift:164	DragGesture.Value	var	location
MetalUI	Sources/MetalUI/Gesture.swift:165	DragGesture.Value	var	translation
MetalUI	Sources/MetalUI/Gesture.swift:167	DragGesture.Value	init	init
MetalUI	Sources/MetalUI/Gesture.swift:175	DragGesture	var	minimumDistance
MetalUI	Sources/MetalUI/Gesture.swift:179	DragGesture	init	init
MetalUI	Sources/MetalUI/Gesture.swift:184	DragGesture	func	onChanged
MetalUI	Sources/MetalUI/Gesture.swift:191	DragGesture	func	onEnded
MetalUI	Sources/MetalUI/Gesture.swift:197	DragGesture	func	_recognizers
MetalUI	Sources/MetalUI/Gesture.swift:209	-	struct	ExclusiveGesture
MetalUI	Sources/MetalUI/Gesture.swift:210	ExclusiveGesture	enum	Value
MetalUI	Sources/MetalUI/Gesture.swift:215	ExclusiveGesture	var	first
MetalUI	Sources/MetalUI/Gesture.swift:216	ExclusiveGesture	var	second
MetalUI	Sources/MetalUI/Gesture.swift:218	ExclusiveGesture	init	init
MetalUI	Sources/MetalUI/Gesture.swift:223	ExclusiveGesture	func	_recognizers
MetalUI	Sources/MetalUI/Gesture.swift:230	-	struct	SimultaneousGesture
MetalUI	Sources/MetalUI/Gesture.swift:231	SimultaneousGesture	struct	Value
MetalUI	Sources/MetalUI/Gesture.swift:232	SimultaneousGesture.Value	var	first
MetalUI	Sources/MetalUI/Gesture.swift:233	SimultaneousGesture.Value	var	second
MetalUI	Sources/MetalUI/Gesture.swift:236	SimultaneousGesture	var	first
MetalUI	Sources/MetalUI/Gesture.swift:237	SimultaneousGesture	var	second
MetalUI	Sources/MetalUI/Gesture.swift:239	SimultaneousGesture	init	init
MetalUI	Sources/MetalUI/Gesture.swift:244	SimultaneousGesture	func	_recognizers
MetalUI	Sources/MetalUI/Gesture.swift:251	Gesture	func	exclusively
MetalUI	Sources/MetalUI/Gesture.swift:256	Gesture	func	simultaneously
MetalUI	Sources/MetalUI/GestureModifiers.swift:20	StyledElement	func	onTapGesture
MetalUI	Sources/MetalUI/GestureModifiers.swift:29	StyledElement	func	onLongPressGesture
MetalUI	Sources/MetalUI/GestureModifiers.swift:39	StyledElement	func	gesture
MetalUI	Sources/MetalUI/GestureModifiers.swift:46	StyledElement	func	simultaneousGesture
MetalUI	Sources/MetalUI/GestureModifiers.swift:52	StyledElement	func	highPriorityGesture
MetalUI	Sources/MetalUI/GestureModifiers.swift:63	-	struct	GestureModifier
MetalUI	Sources/MetalUI/GestureModifiers.swift:64	GestureModifier	var	content
MetalUI	Sources/MetalUI/GestureModifiers.swift:74	GestureModifier	struct	Layout
MetalUI	Sources/MetalUI/GestureModifiers.swift:76	GestureModifier	func	requestProposalLayout
MetalUI	Sources/MetalUI/GestureModifiers.swift:85	GestureModifier	func	prepaint
MetalUI	Sources/MetalUI/GestureModifiers.swift:97	GestureModifier	func	paint
MetalUI	Sources/MetalUI/GestureModifiers.swift:108	GestureModifier	func	contentShape
MetalUI	Sources/MetalUI/GestureModifiers.swift:117	ProposalElementGroup	func	onTapGesture
MetalUI	Sources/MetalUI/GestureModifiers.swift:123	ProposalElementGroup	func	onLongPressGesture
MetalUI	Sources/MetalUI/GestureModifiers.swift:134	ProposalElementGroup	func	gesture
MetalUI	Sources/MetalUI/GestureModifiers.swift:139	ProposalElementGroup	func	simultaneousGesture
MetalUI	Sources/MetalUI/GestureModifiers.swift:144	ProposalElementGroup	func	highPriorityGesture
MetalUI	Sources/MetalUI/Grid.swift:17	LayoutPass	func	requestNativeGrid
MetalUI	Sources/MetalUI/Grid.swift:29	LayoutPass	func	markNativeGridRow
MetalUI	Sources/MetalUI/Grid.swift:47	LayoutPass	func	markNativeGridCell
MetalUI	Sources/MetalUI/Grid.swift:91	-	struct	Grid
MetalUI	Sources/MetalUI/Grid.swift:92	Grid	var	content
MetalUI	Sources/MetalUI/Grid.swift:93	Grid	var	alignment
MetalUI	Sources/MetalUI/Grid.swift:95	Grid	var	horizontalSpacing
MetalUI	Sources/MetalUI/Grid.swift:97	Grid	var	verticalSpacing
MetalUI	Sources/MetalUI/Grid.swift:100	Grid	init	init
MetalUI	Sources/MetalUI/Grid.swift:108	Grid	struct	Layout
MetalUI	Sources/MetalUI/Grid.swift:113	Grid	func	requestProposalLayout
MetalUI	Sources/MetalUI/Grid.swift:124	Grid	func	prepaint
MetalUI	Sources/MetalUI/Grid.swift:130	Grid	func	paint
MetalUI	Sources/MetalUI/Grid.swift:139	-	struct	GridRowLayout
MetalUI	Sources/MetalUI/Grid.swift:174	-	struct	GridRow
MetalUI	Sources/MetalUI/Grid.swift:175	GridRow	var	content
MetalUI	Sources/MetalUI/Grid.swift:176	GridRow	var	alignment
MetalUI	Sources/MetalUI/Grid.swift:178	GridRow	init	init
MetalUI	Sources/MetalUI/Grid.swift:183	GridRow	typealias	GroupLayout
MetalUI	Sources/MetalUI/Grid.swift:185	GridRow	func	requestProposalGroupLayout
MetalUI	Sources/MetalUI/Grid.swift:212	GridRow	func	requestGroupLayout
MetalUI	Sources/MetalUI/Grid.swift:221	GridRow	func	prepaintGroup
MetalUI	Sources/MetalUI/Grid.swift:226	GridRow	func	paintGroup
MetalUI	Sources/MetalUI/Grid.swift:234	-	enum	GridCellAttribute
MetalUI	Sources/MetalUI/Grid.swift:268	-	struct	GridCellModifier
MetalUI	Sources/MetalUI/Grid.swift:269	GridCellModifier	var	content
MetalUI	Sources/MetalUI/Grid.swift:270	GridCellModifier	var	attribute
MetalUI	Sources/MetalUI/Grid.swift:277	GridCellModifier	typealias	GroupLayout
MetalUI	Sources/MetalUI/Grid.swift:279	GridCellModifier	func	requestProposalGroupLayout
MetalUI	Sources/MetalUI/Grid.swift:289	GridCellModifier	func	requestGroupLayout
MetalUI	Sources/MetalUI/Grid.swift:316	GridCellModifier	func	prepaintGroup
MetalUI	Sources/MetalUI/Grid.swift:321	GridCellModifier	func	paintGroup
MetalUI	Sources/MetalUI/Grid.swift:335	ProposalElementGroup	func	gridCellColumns
MetalUI	Sources/MetalUI/Grid.swift:347	ProposalElementGroup	func	gridCellAnchor
MetalUI	Sources/MetalUI/Grid.swift:361	ProposalElementGroup	func	gridCellAnchor
MetalUI	Sources/MetalUI/Grid.swift:369	ProposalElementGroup	func	gridColumnAlignment
MetalUI	Sources/MetalUI/Grid.swift:377	ProposalElementGroup	func	gridCellUnsizedAxes
MetalUI	Sources/MetalUI/Handlers.swift:62	-	struct	Handlers
MetalUI	Sources/MetalUI/Handlers.swift:79	Handlers	var	onClick
MetalUI	Sources/MetalUI/Handlers.swift:95	Handlers	var	onKey
MetalUI	Sources/MetalUI/Handlers.swift:111	Handlers	var	isFocusable
MetalUI	Sources/MetalUI/Handlers.swift:127	Handlers	var	actions
MetalUI	Sources/MetalUI/Handlers.swift:142	Handlers	var	keyContext
MetalUI	Sources/MetalUI/Handlers.swift:171	Handlers	var	axNode
MetalUI	Sources/MetalUI/Handlers.swift:219	Handlers	var	allowsHitTesting
MetalUI	Sources/MetalUI/Handlers.swift:248	Handlers	var	contentShapeInset
MetalUI	Sources/MetalUI/Handlers.swift:309	Handlers	init	init
MetalUI	Sources/MetalUI/Hitbox.swift:24	-	struct	HitboxID
MetalUI	Sources/MetalUI/Hitbox.swift:26	HitboxID	let	index
MetalUI	Sources/MetalUI/Image.swift:25	-	struct	Image
MetalUI	Sources/MetalUI/Image.swift:30	Image	enum	Interpolation
MetalUI	Sources/MetalUI/Image.swift:43	Image	init	init
MetalUI	Sources/MetalUI/Image.swift:54	Image	init	init
MetalUI	Sources/MetalUI/Image.swift:69	Image	func	resizable
MetalUI	Sources/MetalUI/Image.swift:75	Image	func	interpolation
MetalUI	Sources/MetalUI/Image.swift:84	Image	func	requestProposalLayout
MetalUI	Sources/MetalUI/Image.swift:97	Image	func	prepaint
MetalUI	Sources/MetalUI/Image.swift:105	Image	func	paint
MetalUI	Sources/MetalUI/ImageBitmap.swift:21	-	struct	ImageBitmap
MetalUI	Sources/MetalUI/ImageBitmap.swift:24	ImageBitmap	var	width
MetalUI	Sources/MetalUI/ImageBitmap.swift:25	ImageBitmap	var	height
MetalUI	Sources/MetalUI/ImageBitmap.swift:30	ImageBitmap	init	init
MetalUI	Sources/MetalUI/ImageBitmap.swift:45	ImageBitmap	init	init?
MetalUI	Sources/MetalUI/KeyboardShortcut.swift:14	-	typealias	EventModifiers
MetalUI	Sources/MetalUI/KeyboardShortcut.swift:22	-	struct	KeyEquivalent
MetalUI	Sources/MetalUI/KeyboardShortcut.swift:24	KeyEquivalent	let	character
MetalUI	Sources/MetalUI/KeyboardShortcut.swift:26	KeyEquivalent	init	init
MetalUI	Sources/MetalUI/KeyboardShortcut.swift:28	KeyEquivalent	init	init
MetalUI	Sources/MetalUI/KeyboardShortcut.swift:32	KeyEquivalent	let	`return`
MetalUI	Sources/MetalUI/KeyboardShortcut.swift:33	KeyEquivalent	let	escape
MetalUI	Sources/MetalUI/KeyboardShortcut.swift:34	KeyEquivalent	let	space
MetalUI	Sources/MetalUI/KeyboardShortcut.swift:35	KeyEquivalent	let	tab
MetalUI	Sources/MetalUI/KeyboardShortcut.swift:36	KeyEquivalent	let	delete
MetalUI	Sources/MetalUI/KeyboardShortcut.swift:37	KeyEquivalent	let	deleteForward
MetalUI	Sources/MetalUI/KeyboardShortcut.swift:38	KeyEquivalent	let	upArrow
MetalUI	Sources/MetalUI/KeyboardShortcut.swift:39	KeyEquivalent	let	downArrow
MetalUI	Sources/MetalUI/KeyboardShortcut.swift:40	KeyEquivalent	let	leftArrow
MetalUI	Sources/MetalUI/KeyboardShortcut.swift:41	KeyEquivalent	let	rightArrow
MetalUI	Sources/MetalUI/KeyboardShortcut.swift:42	KeyEquivalent	let	home
MetalUI	Sources/MetalUI/KeyboardShortcut.swift:43	KeyEquivalent	let	end
MetalUI	Sources/MetalUI/KeyboardShortcut.swift:44	KeyEquivalent	let	pageUp
MetalUI	Sources/MetalUI/KeyboardShortcut.swift:45	KeyEquivalent	let	pageDown
MetalUI	Sources/MetalUI/KeyboardShortcut.swift:46	KeyEquivalent	let	clear
MetalUI	Sources/MetalUI/KeyboardShortcut.swift:55	-	struct	KeyboardShortcut
MetalUI	Sources/MetalUI/KeyboardShortcut.swift:56	KeyboardShortcut	let	key
MetalUI	Sources/MetalUI/KeyboardShortcut.swift:57	KeyboardShortcut	let	modifiers
MetalUI	Sources/MetalUI/KeyboardShortcut.swift:59	KeyboardShortcut	init	init
MetalUI	Sources/MetalUI/KeyboardShortcut.swift:65	KeyboardShortcut	let	defaultAction
MetalUI	Sources/MetalUI/KeyboardShortcut.swift:67	KeyboardShortcut	let	cancelAction
MetalUI	Sources/MetalUI/KeyContext.swift:9	-	struct	KeyContext
MetalUI	Sources/MetalUI/KeyContext.swift:10	KeyContext	var	name
MetalUI	Sources/MetalUI/KeyContext.swift:11	KeyContext	var	values
MetalUI	Sources/MetalUI/KeyContext.swift:12	KeyContext	init	init
MetalUI	Sources/MetalUI/KeyContext.swift:40	-	struct	ContextPredicate
MetalUI	Sources/MetalUI/KeyContext.swift:66	ContextPredicate	func	parse
MetalUI	Sources/MetalUI/KeyContext.swift:80	ContextPredicate	func	evaluate
MetalUI	Sources/MetalUI/Keymap.swift:13	-	struct	Keystroke
MetalUI	Sources/MetalUI/Keymap.swift:17	Keystroke	var	key
MetalUI	Sources/MetalUI/Keymap.swift:18	Keystroke	var	modifiers
MetalUI	Sources/MetalUI/Keymap.swift:34	Keystroke	init	init?
MetalUI	Sources/MetalUI/Keymap.swift:128	-	struct	KeyBinding
MetalUI	Sources/MetalUI/Keymap.swift:131	KeyBinding	var	spelling
MetalUI	Sources/MetalUI/Keymap.swift:132	KeyBinding	var	action
MetalUI	Sources/MetalUI/Keymap.swift:135	KeyBinding	var	context
MetalUI	Sources/MetalUI/Keymap.swift:137	KeyBinding	init	init
MetalUI	Sources/MetalUI/Keymap.swift:167	-	struct	Keymap
MetalUI	Sources/MetalUI/Keymap.swift:168	Keymap	var	bindings
MetalUI	Sources/MetalUI/Keymap.swift:169	Keymap	init	init
MetalUI	Sources/MetalUI/Keymap.swift:170	Keymap	init	init
MetalUI	Sources/MetalUI/Keymap.swift:183	-	enum	KeymapBuilder
MetalUI	Sources/MetalUI/Keymap.swift:184	KeymapBuilder	func	buildBlock
MetalUI	Sources/MetalUI/List.swift:214	-	struct	List
MetalUI	Sources/MetalUI/List.swift:216	List	var	style
MetalUI	Sources/MetalUI/List.swift:217	List	var	decoration
MetalUI	Sources/MetalUI/List.swift:218	List	var	elementID
MetalUI	Sources/MetalUI/List.swift:224	List	var	handlers
MetalUI	Sources/MetalUI/List.swift:280	List	struct	Layout
MetalUI	Sources/MetalUI/List.swift:287	List	struct	PrepaintState
MetalUI	Sources/MetalUI/List.swift:291	List	init	init
MetalUI	Sources/MetalUI/List.swift:392	List	func	requestLayout
MetalUI	Sources/MetalUI/List.swift:533	List	func	prepaint
MetalUI	Sources/MetalUI/List.swift:638	List	func	paint
MetalUI	Sources/MetalUI/List.swift:648	List	init	init
MetalUI	Sources/MetalUI/List.swift:655	List	init	init
MetalUI	Sources/MetalUI/ModifiedContent.swift:66	-	protocol	ModifierLayerKind
MetalUI	Sources/MetalUI/ModifiedContent.swift:131	-	struct	ModifiedContent
MetalUI	Sources/MetalUI/ModifiedContent.swift:132	ModifiedContent	typealias	LayerBase
MetalUI	Sources/MetalUI/ModifiedContent.swift:137	ModifiedContent	var	content
MetalUI	Sources/MetalUI/ModifiedContent.swift:162	ModifiedContent	var	elementID
MetalUI	Sources/MetalUI/ModifiedContent.swift:172	ModifiedContent	func	_wrap
MetalUI	Sources/MetalUI/ModifiedContent.swift:185	ModifiedContent	struct	Layout
MetalUI	Sources/MetalUI/ModifiedContent.swift:213	ModifiedContent	func	requestLayout
MetalUI	Sources/MetalUI/ModifiedContent.swift:262	ModifiedContent	func	prepaint
MetalUI	Sources/MetalUI/ModifiedContent.swift:335	ModifiedContent	func	paint
MetalUI	Sources/MetalUI/ModifiedContent.swift:379	-	typealias	ModifiedElement
MetalUI	Sources/MetalUI/ModifiedContent.swift:390	ModifiedContent	var	style
MetalUI	Sources/MetalUI/ModifiedContent.swift:395	ModifiedContent	var	decoration
MetalUI	Sources/MetalUI/ModifiedContent.swift:400	ModifiedContent	var	handlers
MetalUI	Sources/MetalUI/ModifiedContent.swift:405	ModifiedContent	var	elementID
MetalUI	Sources/MetalUI/ModifiedContent.swift:412	ModifierLayer	var	_elementID
MetalUI	Sources/MetalUI/ModifiedContent.swift:422	ModifierLayer	func	_requestLayout
MetalUI	Sources/MetalUI/ModifiedContent.swift:432	ModifierLayer	func	_prepaint
MetalUI	Sources/MetalUI/ModifiedContent.swift:439	ModifierLayer	func	_paint
MetalUI	Sources/MetalUI/ModifiedContent.swift:444	ModifierLayer	func	_legacyStack
MetalUI	Sources/MetalUI/ModifiedContent.swift:457	ModifiedContent	var	modifier
MetalUI	Sources/MetalUI/ModifiedContent.swift:468	ModifiedContent	init	init
MetalUI	Sources/MetalUI/ModifiedContent.swift:478	ModifiedContent	typealias	ProposalBase
MetalUI	Sources/MetalUI/ModifiedContent.swift:480	ModifiedContent	func	_wrapLayout
MetalUI	Sources/MetalUI/ModifiedContent.swift:489	ModifiedContent	func	requestProposalLayout
MetalUI	Sources/MetalUI/ModifiedContent.swift:503	LayoutModifier	var	_elementID
MetalUI	Sources/MetalUI/ModifiedContent.swift:514	LayoutModifier	func	_requestLayout
MetalUI	Sources/MetalUI/ModifiedContent.swift:522	LayoutModifier	func	_prepaint
MetalUI	Sources/MetalUI/ModifiedContent.swift:551	LayoutModifier	func	_paint
MetalUI	Sources/MetalUI/ModifiedContent.swift:579	LayoutModifier	func	_legacyStack
MetalUI	Sources/MetalUI/ModifiedElement.swift:49	-	struct	ModifierLayer
MetalUI	Sources/MetalUI/ModifiedElement.swift:115	ElementGroup	func	_wrap
MetalUI	Sources/MetalUI/ModifiedElement.swift:132	ElementGroup	func	frame
MetalUI	Sources/MetalUI/NativeBackgroundModifier.swift:40	-	struct	BackgroundModifier
MetalUI	Sources/MetalUI/NativeBackgroundModifier.swift:41	BackgroundModifier	var	content
MetalUI	Sources/MetalUI/NativeBackgroundModifier.swift:42	BackgroundModifier	var	background
MetalUI	Sources/MetalUI/NativeBackgroundModifier.swift:43	BackgroundModifier	var	alignment
MetalUI	Sources/MetalUI/NativeBackgroundModifier.swift:45	BackgroundModifier	init	init
MetalUI	Sources/MetalUI/NativeBackgroundModifier.swift:52	BackgroundModifier	struct	Layout
MetalUI	Sources/MetalUI/NativeBackgroundModifier.swift:60	BackgroundModifier	func	requestLayout
MetalUI	Sources/MetalUI/NativeBackgroundModifier.swift:88	BackgroundModifier	func	prepaint
MetalUI	Sources/MetalUI/NativeBackgroundModifier.swift:94	BackgroundModifier	func	paint
MetalUI	Sources/MetalUI/NativeBackgroundModifier.swift:106	BackgroundModifier	func	requestProposalLayout
MetalUI	Sources/MetalUI/NativeBackgroundModifier.swift:128	ElementGroup	func	background
MetalUI	Sources/MetalUI/NativeElements.swift:24	-	struct	HStack
MetalUI	Sources/MetalUI/NativeElements.swift:25	HStack	var	content
MetalUI	Sources/MetalUI/NativeElements.swift:27	HStack	var	spacing
MetalUI	Sources/MetalUI/NativeElements.swift:28	HStack	var	alignment
MetalUI	Sources/MetalUI/NativeElements.swift:31	HStack	init	init
MetalUI	Sources/MetalUI/NativeElements.swift:42	HStack	init	init
MetalUI	Sources/MetalUI/NativeElements.swift:48	HStack	struct	Layout
MetalUI	Sources/MetalUI/NativeElements.swift:53	HStack	func	requestProposalLayout
MetalUI	Sources/MetalUI/NativeElements.swift:65	HStack	func	prepaint
MetalUI	Sources/MetalUI/NativeElements.swift:71	HStack	func	paint
MetalUI	Sources/MetalUI/NativeElements.swift:81	-	struct	VStack
MetalUI	Sources/MetalUI/NativeElements.swift:82	VStack	var	content
MetalUI	Sources/MetalUI/NativeElements.swift:84	VStack	var	spacing
MetalUI	Sources/MetalUI/NativeElements.swift:85	VStack	var	alignment
MetalUI	Sources/MetalUI/NativeElements.swift:88	VStack	init	init
MetalUI	Sources/MetalUI/NativeElements.swift:99	VStack	init	init
MetalUI	Sources/MetalUI/NativeElements.swift:105	VStack	struct	Layout
MetalUI	Sources/MetalUI/NativeElements.swift:110	VStack	func	requestProposalLayout
MetalUI	Sources/MetalUI/NativeElements.swift:121	VStack	func	prepaint
MetalUI	Sources/MetalUI/NativeElements.swift:127	VStack	func	paint
MetalUI	Sources/MetalUI/NativeElements.swift:141	-	struct	ZStack
MetalUI	Sources/MetalUI/NativeElements.swift:142	ZStack	var	content
MetalUI	Sources/MetalUI/NativeElements.swift:143	ZStack	var	alignment
MetalUI	Sources/MetalUI/NativeElements.swift:145	ZStack	init	init
MetalUI	Sources/MetalUI/NativeElements.swift:151	ZStack	struct	Layout
MetalUI	Sources/MetalUI/NativeElements.swift:156	ZStack	func	requestProposalLayout
MetalUI	Sources/MetalUI/NativeElements.swift:165	ZStack	func	prepaint
MetalUI	Sources/MetalUI/NativeElements.swift:171	ZStack	func	paint
MetalUI	Sources/MetalUI/NativeElements.swift:180	-	typealias	NativeRow
MetalUI	Sources/MetalUI/NativeElements.swift:184	-	typealias	NativeColumn
MetalUI	Sources/MetalUI/NativeElements.swift:188	-	typealias	NativeOverlay
MetalUI	Sources/MetalUI/NativeElements.swift:199	-	struct	ProposalFrame
MetalUI	Sources/MetalUI/NativeElements.swift:200	ProposalFrame	var	content
MetalUI	Sources/MetalUI/NativeElements.swift:201	ProposalFrame	var	width
MetalUI	Sources/MetalUI/NativeElements.swift:202	ProposalFrame	var	height
MetalUI	Sources/MetalUI/NativeElements.swift:203	ProposalFrame	var	minWidth
MetalUI	Sources/MetalUI/NativeElements.swift:204	ProposalFrame	var	idealWidth
MetalUI	Sources/MetalUI/NativeElements.swift:205	ProposalFrame	var	maxWidth
MetalUI	Sources/MetalUI/NativeElements.swift:206	ProposalFrame	var	minHeight
MetalUI	Sources/MetalUI/NativeElements.swift:207	ProposalFrame	var	idealHeight
MetalUI	Sources/MetalUI/NativeElements.swift:208	ProposalFrame	var	maxHeight
MetalUI	Sources/MetalUI/NativeElements.swift:209	ProposalFrame	var	alignment
MetalUI	Sources/MetalUI/NativeElements.swift:212	ProposalFrame	init	init
MetalUI	Sources/MetalUI/NativeElements.swift:223	ProposalFrame	init	init
MetalUI	Sources/MetalUI/NativeElements.swift:237	ProposalFrame	struct	Layout
MetalUI	Sources/MetalUI/NativeElements.swift:242	ProposalFrame	func	requestProposalLayout
MetalUI	Sources/MetalUI/NativeElements.swift:258	ProposalFrame	func	prepaint
MetalUI	Sources/MetalUI/NativeElements.swift:264	ProposalFrame	func	paint
MetalUI	Sources/MetalUI/NativeElements.swift:273	-	typealias	NativeFrame
MetalUI	Sources/MetalUI/NativeElements.swift:276	-	struct	Padding
MetalUI	Sources/MetalUI/NativeElements.swift:277	Padding	var	content
MetalUI	Sources/MetalUI/NativeElements.swift:278	Padding	var	insets
MetalUI	Sources/MetalUI/NativeElements.swift:280	Padding	init	init
MetalUI	Sources/MetalUI/NativeElements.swift:285	Padding	struct	Layout
MetalUI	Sources/MetalUI/NativeElements.swift:290	Padding	func	requestProposalLayout
MetalUI	Sources/MetalUI/NativeElements.swift:302	Padding	func	prepaint
MetalUI	Sources/MetalUI/NativeElements.swift:308	Padding	func	paint
MetalUI	Sources/MetalUI/NativeElements.swift:317	-	struct	Background
MetalUI	Sources/MetalUI/NativeElements.swift:318	Background	var	content
MetalUI	Sources/MetalUI/NativeElements.swift:319	Background	var	color
MetalUI	Sources/MetalUI/NativeElements.swift:321	Background	init	init
MetalUI	Sources/MetalUI/NativeElements.swift:326	Background	struct	Layout
MetalUI	Sources/MetalUI/NativeElements.swift:328	Background	func	requestProposalLayout
MetalUI	Sources/MetalUI/NativeElements.swift:337	Background	func	prepaint
MetalUI	Sources/MetalUI/NativeElements.swift:343	Background	func	paint
MetalUI	Sources/MetalUI/NativeElements.swift:353	-	typealias	NativeBackground
MetalUI	Sources/MetalUI/NativeElements.swift:361	-	struct	FixedSize
MetalUI	Sources/MetalUI/NativeElements.swift:362	FixedSize	var	content
MetalUI	Sources/MetalUI/NativeElements.swift:363	FixedSize	var	horizontal
MetalUI	Sources/MetalUI/NativeElements.swift:364	FixedSize	var	vertical
MetalUI	Sources/MetalUI/NativeElements.swift:366	FixedSize	init	init
MetalUI	Sources/MetalUI/NativeElements.swift:373	FixedSize	struct	Layout
MetalUI	Sources/MetalUI/NativeElements.swift:378	FixedSize	func	requestProposalLayout
MetalUI	Sources/MetalUI/NativeElements.swift:389	FixedSize	func	prepaint
MetalUI	Sources/MetalUI/NativeElements.swift:395	FixedSize	func	paint
MetalUI	Sources/MetalUI/NativeElements.swift:404	-	typealias	NativePadding
MetalUI	Sources/MetalUI/NativeElements.swift:408	-	typealias	NativeFixedSize
MetalUI	Sources/MetalUI/NativeElements.swift:420	-	struct	Spacer
MetalUI	Sources/MetalUI/NativeElements.swift:421	Spacer	var	minLength
MetalUI	Sources/MetalUI/NativeElements.swift:423	Spacer	init	init
MetalUI	Sources/MetalUI/NativeElements.swift:427	Spacer	struct	Layout
MetalUI	Sources/MetalUI/NativeElements.swift:429	Spacer	func	requestProposalLayout
MetalUI	Sources/MetalUI/NativeElements.swift:435	Spacer	func	prepaint
MetalUI	Sources/MetalUI/NativeElements.swift:438	Spacer	func	paint
MetalUI	Sources/MetalUI/NativeElements.swift:455	-	struct	Rectangle
MetalUI	Sources/MetalUI/NativeElements.swift:456	Rectangle	var	width
MetalUI	Sources/MetalUI/NativeElements.swift:457	Rectangle	var	height
MetalUI	Sources/MetalUI/NativeElements.swift:458	Rectangle	var	color
MetalUI	Sources/MetalUI/NativeElements.swift:461	Rectangle	typealias	Layout
MetalUI	Sources/MetalUI/NativeElements.swift:463	Rectangle	init	init
MetalUI	Sources/MetalUI/NativeElements.swift:472	Rectangle	init	init
MetalUI	Sources/MetalUI/NativeElements.swift:481	Rectangle	init	init
MetalUI	Sources/MetalUI/NativeElements.swift:488	Rectangle	func	geometry
MetalUI	Sources/MetalUI/NativeElements.swift:492	Rectangle	func	sizeThatFits
MetalUI	Sources/MetalUI/NativeElements.swift:497	Rectangle	func	requestProposalLayout
MetalUI	Sources/MetalUI/NativeElements.swift:519	Rectangle	func	prepaint
MetalUI	Sources/MetalUI/NativeElements.swift:522	Rectangle	func	paint
MetalUI	Sources/MetalUI/NativeElements.swift:534	-	struct	Color
MetalUI	Sources/MetalUI/NativeElements.swift:535	Color	var	color
MetalUI	Sources/MetalUI/NativeElements.swift:537	Color	init	init
MetalUI	Sources/MetalUI/NativeElements.swift:541	Color	struct	Layout
MetalUI	Sources/MetalUI/NativeElements.swift:543	Color	func	requestProposalLayout
MetalUI	Sources/MetalUI/NativeElements.swift:554	Color	func	prepaint
MetalUI	Sources/MetalUI/NativeElements.swift:557	Color	func	paint
MetalUI	Sources/MetalUI/NativeElements.swift:565	-	typealias	NativeSpacer
MetalUI	Sources/MetalUI/NativeElements.swift:569	-	typealias	NativeRectangle
MetalUI	Sources/MetalUI/NativeElements.swift:573	-	typealias	NativeColorFill
MetalUI	Sources/MetalUI/NativeModifiedContent.swift:14	-	enum	LayoutModifier
MetalUI	Sources/MetalUI/NativeModifiedContent.swift:51	ProposalElementGroup	func	nativeFrame
MetalUI	Sources/MetalUI/NativeModifiedContent.swift:58	ProposalElementGroup	func	nativeFrame
MetalUI	Sources/MetalUI/NativeModifiedContent.swift:70	ProposalElementGroup	func	padding
MetalUI	Sources/MetalUI/NativeModifiedContent.swift:76	ProposalElementGroup	func	nativePadding
MetalUI	Sources/MetalUI/NativeModifiedContent.swift:81	ProposalElementGroup	func	fixedSize
MetalUI	Sources/MetalUI/NativeModifiedContent.swift:88	ProposalElementGroup	func	nativeFixedSize
MetalUI	Sources/MetalUI/NativeModifiedContent.swift:95	ProposalElementGroup	func	background
MetalUI	Sources/MetalUI/NativeModifiedContent.swift:101	ProposalElementGroup	func	nativeBackground
MetalUI	Sources/MetalUI/NativeModifiedContent.swift:106	ProposalElementGroup	func	clip
MetalUI	Sources/MetalUI/NativeModifiedContent.swift:112	ProposalElementGroup	func	nativeClip
MetalUI	Sources/MetalUI/NativeModifiedContent.swift:117	ProposalElementGroup	func	border
MetalUI	Sources/MetalUI/NativeModifiedContent.swift:124	ProposalElementGroup	func	nativeBorder
MetalUI	Sources/MetalUI/NativeModifiedContent.swift:130	ProposalElementGroup	func	opacity
MetalUI	Sources/MetalUI/NativeModifiedContent.swift:136	ProposalElementGroup	func	nativeOpacity
MetalUI	Sources/MetalUI/NativeModifiedContent.swift:142	ProposalElementGroup	func	allowsHitTesting
MetalUI	Sources/MetalUI/NativeModifiedContent.swift:148	ProposalElementGroup	func	nativeAllowsHitTesting
MetalUI	Sources/MetalUI/NativeModifiedContent.swift:177	ProposalElementGroup	func	frame
MetalUI	Sources/MetalUI/NativeModifiedContent.swift:188	ProposalElementGroup	func	frame
MetalUI	Sources/MetalUI/NativeModifiedContent.swift:213	ProposalElementGroup	func	frame
MetalUI	Sources/MetalUI/NativeModifiedContent.swift:234	ProposalElementGroup	func	aspectRatio
MetalUI	Sources/MetalUI/NativeModifiedContent.swift:245	ProposalElementGroup	func	scaledToFit
MetalUI	Sources/MetalUI/NativeModifiedContent.swift:251	ProposalElementGroup	func	scaledToFill
MetalUI	Sources/MetalUI/NativeModifiedContent.swift:261	ProposalElementGroup	func	layoutPriority
MetalUI	Sources/MetalUI/NativeModifiedContent.swift:269	-	typealias	NativeLayoutModifier
MetalUI	Sources/MetalUI/NativeModifiedContent.swift:272	-	typealias	ContentMode
MetalUI	Sources/MetalUI/NativeModifiedContent.swift:279	-	typealias	NativeModifiedContent
MetalUI	Sources/MetalUI/NativeOverlayModifier.swift:29	-	struct	OverlayModifier
MetalUI	Sources/MetalUI/NativeOverlayModifier.swift:30	OverlayModifier	var	content
MetalUI	Sources/MetalUI/NativeOverlayModifier.swift:31	OverlayModifier	var	overlay
MetalUI	Sources/MetalUI/NativeOverlayModifier.swift:32	OverlayModifier	var	alignment
MetalUI	Sources/MetalUI/NativeOverlayModifier.swift:34	OverlayModifier	init	init
MetalUI	Sources/MetalUI/NativeOverlayModifier.swift:41	OverlayModifier	struct	Layout
MetalUI	Sources/MetalUI/NativeOverlayModifier.swift:92	OverlayModifier	func	requestLayout
MetalUI	Sources/MetalUI/NativeOverlayModifier.swift:119	OverlayModifier	func	prepaint
MetalUI	Sources/MetalUI/NativeOverlayModifier.swift:125	OverlayModifier	func	paint
MetalUI	Sources/MetalUI/NativeOverlayModifier.swift:137	OverlayModifier	func	requestProposalLayout
MetalUI	Sources/MetalUI/NativeOverlayModifier.swift:158	ElementGroup	func	overlay
MetalUI	Sources/MetalUI/NativeOverlayModifier.swift:168	ProposalElementGroup	func	nativeOverlay
MetalUI	Sources/MetalUI/NativeOverlayModifier.swift:177	-	typealias	NativeOverlayModifier
MetalUI	Sources/MetalUI/NativeTappable.swift:8	-	struct	OnTapModifier
MetalUI	Sources/MetalUI/NativeTappable.swift:9	OnTapModifier	var	content
MetalUI	Sources/MetalUI/NativeTappable.swift:10	OnTapModifier	var	action
MetalUI	Sources/MetalUI/NativeTappable.swift:11	OnTapModifier	var	hoverColor
MetalUI	Sources/MetalUI/NativeTappable.swift:15	OnTapModifier	init	init
MetalUI	Sources/MetalUI/NativeTappable.swift:22	OnTapModifier	struct	Layout
MetalUI	Sources/MetalUI/NativeTappable.swift:24	OnTapModifier	func	requestProposalLayout
MetalUI	Sources/MetalUI/NativeTappable.swift:33	OnTapModifier	func	prepaint
MetalUI	Sources/MetalUI/NativeTappable.swift:46	OnTapModifier	func	paint
MetalUI	Sources/MetalUI/NativeTappable.swift:65	OnTapModifier	func	contentShape
MetalUI	Sources/MetalUI/NativeTappable.swift:78	ProposalElementGroup	func	onTap
MetalUI	Sources/MetalUI/NativeTappable.swift:85	ProposalElementGroup	func	nativeOnTap
MetalUI	Sources/MetalUI/NativeTappable.swift:93	-	typealias	NativeTappable
MetalUI	Sources/MetalUI/Passes.swift:24	-	struct	LayoutPass
MetalUI	Sources/MetalUI/Passes.swift:30	LayoutPass	var	contentSize
MetalUI	Sources/MetalUI/Passes.swift:55	LayoutPass	func	requestNativeLeaf
MetalUI	Sources/MetalUI/Passes.swift:60	LayoutPass	func	requestNativeOverlay
MetalUI	Sources/MetalUI/Passes.swift:68	LayoutPass	func	requestNativeOverlayAttachment
MetalUI	Sources/MetalUI/Passes.swift:76	LayoutPass	func	requestNativeFrame
MetalUI	Sources/MetalUI/Passes.swift:92	LayoutPass	func	requestNativePadding
MetalUI	Sources/MetalUI/Passes.swift:98	LayoutPass	func	requestNativeFixedSize
MetalUI	Sources/MetalUI/Passes.swift:108	LayoutPass	func	requestNativeAspectRatio
MetalUI	Sources/MetalUI/Passes.swift:115	LayoutPass	func	requestNativeLayoutPriority
MetalUI	Sources/MetalUI/Passes.swift:120	LayoutPass	func	requestNativeSpacer
MetalUI	Sources/MetalUI/Passes.swift:127	LayoutPass	func	requestNativeScrollViewport
MetalUI	Sources/MetalUI/Passes.swift:137	LayoutPass	func	requestNativeLinearStack
MetalUI	Sources/MetalUI/Passes.swift:153	LayoutPass	func	requestNativeLayout
MetalUI	Sources/MetalUI/Passes.swift:211	LayoutPass	var	scrollContext
MetalUI	Sources/MetalUI/Passes.swift:243	LayoutPass	func	withScrollContext
MetalUI	Sources/MetalUI/Passes.swift:266	LayoutPass	func	withoutScrollContext
MetalUI	Sources/MetalUI/Passes.swift:294	-	struct	PrepaintPass
MetalUI	Sources/MetalUI/Passes.swift:299	PrepaintPass	var	contentSize
MetalUI	Sources/MetalUI/Passes.swift:302	PrepaintPass	func	bounds
MetalUI	Sources/MetalUI/Passes.swift:327	PrepaintPass	func	clipped
MetalUI	Sources/MetalUI/Passes.swift:347	PrepaintPass	func	registerScrollRegion
MetalUI	Sources/MetalUI/Passes.swift:373	PrepaintPass	func	insertHitbox
MetalUI	Sources/MetalUI/Passes.swift:422	PrepaintPass	func	registerHandlers
MetalUI	Sources/MetalUI/Passes.swift:446	PrepaintPass	func	allowsHitTesting
MetalUI	Sources/MetalUI/Passes.swift:474	PrepaintPass	func	emitAXNode
MetalUI	Sources/MetalUI/Passes.swift:512	PrepaintPass	func	deferred
MetalUI	Sources/MetalUI/Passes.swift:536	-	struct	PaintPass
MetalUI	Sources/MetalUI/Passes.swift:541	PaintPass	var	contentSize
MetalUI	Sources/MetalUI/Passes.swift:551	PaintPass	func	bounds
MetalUI	Sources/MetalUI/Passes.swift:570	PaintPass	func	measuredWidth
MetalUI	Sources/MetalUI/Passes.swift:587	PaintPass	var	theme
MetalUI	Sources/MetalUI/Passes.swift:591	PaintPass	var	timestamp
MetalUI	Sources/MetalUI/Passes.swift:594	PaintPass	func	requestAnotherFrame
MetalUI	Sources/MetalUI/Passes.swift:627	PaintPass	func	fill
MetalUI	Sources/MetalUI/Passes.swift:642	PaintPass	func	drawImage
MetalUI	Sources/MetalUI/Passes.swift:648	PaintPass	func	opacity
MetalUI	Sources/MetalUI/Passes.swift:669	PaintPass	func	clipped
MetalUI	Sources/MetalUI/Passes.swift:699	PaintPass	func	deferred
MetalUI	Sources/MetalUI/Passes.swift:765	PaintPass	func	isHovered
MetalUI	Sources/MetalUI/Passes.swift:789	PaintPass	func	isHovered
MetalUI	Sources/MetalUI/Passes.swift:801	PaintPass	func	isActive
MetalUI	Sources/MetalUI/Passes.swift:825	PaintPass	func	isFocused
MetalUI	Sources/MetalUI/Passes.swift:872	LayoutPass	func	withState
MetalUI	Sources/MetalUI/Passes.swift:882	PrepaintPass	func	withState
MetalUI	Sources/MetalUI/Passes.swift:892	PaintPass	func	withState
MetalUI	Sources/MetalUI/Passes.swift:919	LayoutPass	var	environment
MetalUI	Sources/MetalUI/Passes.swift:924	PrepaintPass	var	environment
MetalUI	Sources/MetalUI/Passes.swift:929	PaintPass	var	environment
MetalUI	Sources/MetalUI/Picker.swift:14	-	struct	PickerStyle
MetalUI	Sources/MetalUI/Picker.swift:19	PickerStyle	let	automatic
MetalUI	Sources/MetalUI/Picker.swift:21	PickerStyle	let	segmented
MetalUI	Sources/MetalUI/Picker.swift:23	PickerStyle	let	radioGroup
MetalUI	Sources/MetalUI/Picker.swift:57	-	struct	Picker
MetalUI	Sources/MetalUI/Picker.swift:58	Picker	var	style
MetalUI	Sources/MetalUI/Picker.swift:59	Picker	var	decoration
MetalUI	Sources/MetalUI/Picker.swift:60	Picker	var	elementID
MetalUI	Sources/MetalUI/Picker.swift:61	Picker	var	handlers
MetalUI	Sources/MetalUI/Picker.swift:67	Picker	struct	Layout
MetalUI	Sources/MetalUI/Picker.swift:71	Picker	struct	PrepaintState
MetalUI	Sources/MetalUI/Picker.swift:75	Picker	init	init
MetalUI	Sources/MetalUI/Picker.swift:92	Picker	func	pickerStyle
MetalUI	Sources/MetalUI/Picker.swift:98	Picker	func	requestLayout
MetalUI	Sources/MetalUI/Picker.swift:125	Picker	func	prepaint
MetalUI	Sources/MetalUI/Picker.swift:142	Picker	func	paint
MetalUI	Sources/MetalUI/Picker.swift:301	-	struct	TaggedElement
MetalUI	Sources/MetalUI/Picker.swift:313	TaggedElement	var	elementID
MetalUI	Sources/MetalUI/Picker.swift:316	TaggedElement	struct	GroupLayout
MetalUI	Sources/MetalUI/Picker.swift:317	TaggedElement	struct	GroupPrepaint
MetalUI	Sources/MetalUI/Picker.swift:318	TaggedElement	struct	LayoutState
MetalUI	Sources/MetalUI/Picker.swift:319	TaggedElement	struct	PrepaintState
MetalUI	Sources/MetalUI/Picker.swift:368	TaggedElement	func	requestGroupLayout
MetalUI	Sources/MetalUI/Picker.swift:383	TaggedElement	func	prepaintGroup
MetalUI	Sources/MetalUI/Picker.swift:398	TaggedElement	func	paintGroup
MetalUI	Sources/MetalUI/Picker.swift:416	TaggedElement	func	requestLayout
MetalUI	Sources/MetalUI/Picker.swift:428	TaggedElement	func	prepaint
MetalUI	Sources/MetalUI/Picker.swift:444	TaggedElement	func	paint
MetalUI	Sources/MetalUI/Picker.swift:472	Element	func	tag
MetalUI	Sources/MetalUI/ProposalAccessibility.swift:17	-	struct	AccessibilityModifier
MetalUI	Sources/MetalUI/ProposalAccessibility.swift:18	AccessibilityModifier	var	content
MetalUI	Sources/MetalUI/ProposalAccessibility.swift:26	AccessibilityModifier	struct	Layout
MetalUI	Sources/MetalUI/ProposalAccessibility.swift:28	AccessibilityModifier	func	requestProposalLayout
MetalUI	Sources/MetalUI/ProposalAccessibility.swift:38	AccessibilityModifier	func	prepaint
MetalUI	Sources/MetalUI/ProposalAccessibility.swift:68	AccessibilityModifier	func	paint
MetalUI	Sources/MetalUI/ProposalAccessibility.swift:112	ProposalElementGroup	func	accessibilityLabel
MetalUI	Sources/MetalUI/ProposalAccessibility.swift:116	ProposalElementGroup	func	accessibilityValue
MetalUI	Sources/MetalUI/ProposalAccessibility.swift:120	ProposalElementGroup	func	accessibilityAdjustableAction
MetalUI	Sources/MetalUI/ProposalAccessibility.swift:125	ProposalElementGroup	func	accessibilityElement
MetalUI	Sources/MetalUI/ProposalAccessibility.swift:129	ProposalElementGroup	func	accessibilityHidden
MetalUI	Sources/MetalUI/ProposalAccessibility.swift:133	ProposalElementGroup	func	accessibilityHint
MetalUI	Sources/MetalUI/ProposalAccessibility.swift:137	ProposalElementGroup	func	accessibilityIdentifier
MetalUI	Sources/MetalUI/ProposalAccessibility.swift:141	ProposalElementGroup	func	accessibilityAddTraits
MetalUI	Sources/MetalUI/ProposalAccessibility.swift:145	ProposalElementGroup	func	accessibilityRemoveTraits
MetalUI	Sources/MetalUI/ProposalAccessibility.swift:151	ProposalElementGroup	func	accessibilityAction
MetalUI	Sources/MetalUI/ProposalAccessibility.swift:155	ProposalElementGroup	func	accessibilityAction
MetalUI	Sources/MetalUI/ProposalAccessibility.swift:166	AccessibilityModifier	func	accessibilityLabel
MetalUI	Sources/MetalUI/ProposalAccessibility.swift:167	AccessibilityModifier	func	accessibilityValue
MetalUI	Sources/MetalUI/ProposalAccessibility.swift:168	AccessibilityModifier	func	accessibilityAdjustableAction
MetalUI	Sources/MetalUI/ProposalAccessibility.swift:172	AccessibilityModifier	func	accessibilityElement
MetalUI	Sources/MetalUI/ProposalAccessibility.swift:175	AccessibilityModifier	func	accessibilityHidden
MetalUI	Sources/MetalUI/ProposalAccessibility.swift:176	AccessibilityModifier	func	accessibilityHint
MetalUI	Sources/MetalUI/ProposalAccessibility.swift:177	AccessibilityModifier	func	accessibilityIdentifier
MetalUI	Sources/MetalUI/ProposalAccessibility.swift:180	AccessibilityModifier	func	accessibilityAddTraits
MetalUI	Sources/MetalUI/ProposalAccessibility.swift:183	AccessibilityModifier	func	accessibilityRemoveTraits
MetalUI	Sources/MetalUI/ProposalAccessibility.swift:186	AccessibilityModifier	func	accessibilityAction
MetalUI	Sources/MetalUI/ProposalAccessibility.swift:189	AccessibilityModifier	func	accessibilityAction
MetalUI	Sources/MetalUI/ProposalElementGroup.swift:23	-	protocol	ProposalElementGroup
MetalUI	Sources/MetalUI/ProposalElementGroup.swift:51	ProposalElementGroup	func	_wrapLayout
MetalUI	Sources/MetalUI/ProposalElementGroup.swift:80	EmptyGroup	func	requestProposalGroupLayout
MetalUI	Sources/MetalUI/ProposalElementGroup.swift:89	Pair	func	requestProposalGroupLayout
MetalUI	Sources/MetalUI/ProposalElementGroup.swift:101	OptionalGroup	func	requestProposalGroupLayout
MetalUI	Sources/MetalUI/ProposalElementGroup.swift:124	EitherGroup	func	requestProposalGroupLayout
MetalUI	Sources/MetalUI/ProposalElementGroup.swift:155	ArrayGroup	func	requestProposalGroupLayout
MetalUI	Sources/MetalUI/ProposalLayoutContainer.swift:13	-	struct	ProposalLayoutContainer
MetalUI	Sources/MetalUI/ProposalLayoutContainer.swift:14	ProposalLayoutContainer	var	layout
MetalUI	Sources/MetalUI/ProposalLayoutContainer.swift:15	ProposalLayoutContainer	var	content
MetalUI	Sources/MetalUI/ProposalLayoutContainer.swift:17	ProposalLayoutContainer	init	init
MetalUI	Sources/MetalUI/ProposalLayoutContainer.swift:22	ProposalLayoutContainer	struct	Layout
MetalUI	Sources/MetalUI/ProposalLayoutContainer.swift:27	ProposalLayoutContainer	func	requestProposalLayout
MetalUI	Sources/MetalUI/ProposalLayoutContainer.swift:36	ProposalLayoutContainer	func	prepaint
MetalUI	Sources/MetalUI/ProposalLayoutContainer.swift:42	ProposalLayoutContainer	func	paint
MetalUI	Sources/MetalUI/ProposalLayoutContainer.swift:59	ProposalLayout	func	callAsFunction
MetalUI	Sources/MetalUI/ProposalNodeID.swift:56	-	struct	ProposalNodeID
MetalUI	Sources/MetalUI/ProposalNodeID.swift:58	ProposalNodeID	let	layoutNodeID
MetalUI	Sources/MetalUI/ProposalNodeID.swift:78	-	protocol	ProposalElement
MetalUI	Sources/MetalUI/ProposalNodeID.swift:97	ProposalElement	func	requestLayout
MetalUI	Sources/MetalUI/ProposalNodeID.swift:114	ProposalElement	func	requestProposalGroupLayout
MetalUI	Sources/MetalUI/ProposalNodeID.swift:138	Component	func	requestProposalGroupLayout
MetalUI	Sources/MetalUI/ProposalScrollView.swift:10	-	struct	ProposalScrollView
MetalUI	Sources/MetalUI/ProposalScrollView.swift:11	ProposalScrollView	var	axis
MetalUI	Sources/MetalUI/ProposalScrollView.swift:12	ProposalScrollView	var	elementID
MetalUI	Sources/MetalUI/ProposalScrollView.swift:13	ProposalScrollView	var	content
MetalUI	Sources/MetalUI/ProposalScrollView.swift:14	ProposalScrollView	var	cornerRadius
MetalUI	Sources/MetalUI/ProposalScrollView.swift:15	ProposalScrollView	var	indicatorVisibility
MetalUI	Sources/MetalUI/ProposalScrollView.swift:17	ProposalScrollView	init	init
MetalUI	Sources/MetalUI/ProposalScrollView.swift:25	ProposalScrollView	func	cornerRadius
MetalUI	Sources/MetalUI/ProposalScrollView.swift:32	ProposalScrollView	func	scrollIndicators
MetalUI	Sources/MetalUI/ProposalScrollView.swift:38	ProposalScrollView	struct	Layout
MetalUI	Sources/MetalUI/ProposalScrollView.swift:44	ProposalScrollView	func	requestProposalLayout
MetalUI	Sources/MetalUI/ProposalScrollView.swift:83	ProposalScrollView	func	prepaint
MetalUI	Sources/MetalUI/ProposalScrollView.swift:105	ProposalScrollView	func	paint
MetalUI	Sources/MetalUI/ProposalText.swift:14	-	struct	ProposalText
MetalUI	Sources/MetalUI/ProposalText.swift:15	ProposalText	var	string
MetalUI	Sources/MetalUI/ProposalText.swift:16	ProposalText	var	foregroundColor
MetalUI	Sources/MetalUI/ProposalText.swift:24	ProposalText	var	fontFamily
MetalUI	Sources/MetalUI/ProposalText.swift:29	ProposalText	var	fontSize
MetalUI	Sources/MetalUI/ProposalText.swift:34	ProposalText	init	init
MetalUI	Sources/MetalUI/ProposalText.swift:41	ProposalText	func	font
MetalUI	Sources/MetalUI/ProposalText.swift:48	ProposalText	func	foregroundColor
MetalUI	Sources/MetalUI/ProposalText.swift:54	ProposalText	struct	Layout
MetalUI	Sources/MetalUI/ProposalText.swift:60	ProposalText	func	requestProposalLayout
MetalUI	Sources/MetalUI/ProposalText.swift:82	ProposalText	func	prepaint
MetalUI	Sources/MetalUI/ProposalText.swift:88	ProposalText	func	paint
MetalUI	Sources/MetalUI/ProposalText.swift:132	Text	func	proposalLayout
MetalUI	Sources/MetalUI/RenderFrame.swift:19	-	func	renderFrame
MetalUI	Sources/MetalUI/ScrollView.swift:4	-	enum	ScrollAxis
MetalUI	Sources/MetalUI/ScrollView.swift:19	-	enum	ScrollIndicatorVisibility
MetalUI	Sources/MetalUI/ScrollView.swift:32	-	struct	ScrollState
MetalUI	Sources/MetalUI/ScrollView.swift:33	ScrollState	var	offset
MetalUI	Sources/MetalUI/ScrollView.swift:57	ScrollState	var	lastScrollTime
MetalUI	Sources/MetalUI/ScrollView.swift:65	ScrollState	var	viewportExtent
MetalUI	Sources/MetalUI/ScrollView.swift:67	ScrollState	init	init
MetalUI	Sources/MetalUI/ScrollView.swift:88	-	struct	ScrollContext
MetalUI	Sources/MetalUI/ScrollView.swift:89	ScrollContext	var	offset
MetalUI	Sources/MetalUI/ScrollView.swift:90	ScrollContext	var	viewportExtent
MetalUI	Sources/MetalUI/ScrollView.swift:101	ScrollContext	var	axis
MetalUI	Sources/MetalUI/ScrollView.swift:103	ScrollContext	init	init
MetalUI	Sources/MetalUI/ScrollView.swift:138	-	struct	ScrollView
MetalUI	Sources/MetalUI/ScrollView.swift:139	ScrollView	var	axis
MetalUI	Sources/MetalUI/ScrollView.swift:140	ScrollView	var	elementID
MetalUI	Sources/MetalUI/ScrollView.swift:141	ScrollView	var	content
MetalUI	Sources/MetalUI/ScrollView.swift:176	ScrollView	var	cornerRadius
MetalUI	Sources/MetalUI/ScrollView.swift:180	ScrollView	var	indicatorVisibility
MetalUI	Sources/MetalUI/ScrollView.swift:182	ScrollView	init	init
MetalUI	Sources/MetalUI/ScrollView.swift:194	ScrollView	func	cornerRadius
MetalUI	Sources/MetalUI/ScrollView.swift:204	ScrollView	func	scrollIndicators
MetalUI	Sources/MetalUI/ScrollView.swift:210	ScrollView	struct	Layout
MetalUI	Sources/MetalUI/ScrollView.swift:211	ScrollView.Layout	var	node
MetalUI	Sources/MetalUI/ScrollView.swift:212	ScrollView.Layout	var	contentNode
MetalUI	Sources/MetalUI/ScrollView.swift:225	ScrollView	func	requestLayout
MetalUI	Sources/MetalUI/ScrollView.swift:333	ScrollView	func	prepaint
MetalUI	Sources/MetalUI/ScrollView.swift:375	ScrollView	func	paint
MetalUI	Sources/MetalUI/ScrollViewReader.swift:26	-	struct	ScrollViewReader
MetalUI	Sources/MetalUI/ScrollViewReader.swift:29	ScrollViewReader	init	init
MetalUI	Sources/MetalUI/ScrollViewReader.swift:34	ScrollViewReader	struct	Layout
MetalUI	Sources/MetalUI/ScrollViewReader.swift:47	ScrollViewReader	func	requestGroupLayout
MetalUI	Sources/MetalUI/ScrollViewReader.swift:57	ScrollViewReader	func	prepaintGroup
MetalUI	Sources/MetalUI/ScrollViewReader.swift:66	ScrollViewReader	func	paintGroup
MetalUI	Sources/MetalUI/ScrollViewReader.swift:78	ScrollViewReader	func	requestProposalGroupLayout
MetalUI	Sources/MetalUI/ScrollViewReader.swift:93	-	struct	ScrollViewProxy
MetalUI	Sources/MetalUI/ScrollViewReader.swift:118	ScrollViewProxy	func	scrollTo
MetalUI	Sources/MetalUI/Shape.swift:17	-	enum	RoundedCornerStyle
MetalUI	Sources/MetalUI/Shape.swift:24	-	struct	ShapeGeometry
MetalUI	Sources/MetalUI/Shape.swift:31	ShapeGeometry	let	rect
MetalUI	Sources/MetalUI/Shape.swift:36	ShapeGeometry	func	roundedRectangle
MetalUI	Sources/MetalUI/Shape.swift:47	ShapeGeometry	func	ellipse
MetalUI	Sources/MetalUI/Shape.swift:126	-	protocol	Shape
MetalUI	Sources/MetalUI/Shape.swift:136	-	struct	ShapeLayout
MetalUI	Sources/MetalUI/Shape.swift:141	Shape	func	sizeThatFits
MetalUI	Sources/MetalUI/Shape.swift:146	Shape	func	requestProposalLayout
MetalUI	Sources/MetalUI/Shape.swift:153	Shape	func	prepaint
MetalUI	Sources/MetalUI/Shape.swift:158	Shape	func	paint
MetalUI	Sources/MetalUI/Shapes.swift:12	-	struct	RoundedRectangle
MetalUI	Sources/MetalUI/Shapes.swift:13	RoundedRectangle	var	cornerRadius
MetalUI	Sources/MetalUI/Shapes.swift:14	RoundedRectangle	var	style
MetalUI	Sources/MetalUI/Shapes.swift:16	RoundedRectangle	init	init
MetalUI	Sources/MetalUI/Shapes.swift:21	RoundedRectangle	func	geometry
MetalUI	Sources/MetalUI/Shapes.swift:29	-	struct	Circle
MetalUI	Sources/MetalUI/Shapes.swift:30	Circle	init	init
MetalUI	Sources/MetalUI/Shapes.swift:32	Circle	func	sizeThatFits
MetalUI	Sources/MetalUI/Shapes.swift:43	Circle	func	geometry
MetalUI	Sources/MetalUI/Shapes.swift:55	-	struct	Capsule
MetalUI	Sources/MetalUI/Shapes.swift:56	Capsule	var	style
MetalUI	Sources/MetalUI/Shapes.swift:58	Capsule	init	init
MetalUI	Sources/MetalUI/Shapes.swift:62	Capsule	func	geometry
MetalUI	Sources/MetalUI/Shapes.swift:70	-	struct	Ellipse
MetalUI	Sources/MetalUI/Shapes.swift:71	Ellipse	init	init
MetalUI	Sources/MetalUI/Shapes.swift:73	Ellipse	func	geometry
MetalUI	Sources/MetalUI/ShapeView.swift:11	Shape	func	fill
MetalUI	Sources/MetalUI/ShapeView.swift:17	Shape	func	fill
MetalUI	Sources/MetalUI/ShapeView.swift:25	Shape	func	stroke
MetalUI	Sources/MetalUI/ShapeView.swift:33	Shape	func	strokeBorder
MetalUI	Sources/MetalUI/ShapeView.swift:42	-	struct	ShapeView
MetalUI	Sources/MetalUI/ShapeView.swift:43	ShapeView	var	shape
MetalUI	Sources/MetalUI/ShapeView.swift:59	ShapeView	func	fill
MetalUI	Sources/MetalUI/ShapeView.swift:64	ShapeView	func	stroke
MetalUI	Sources/MetalUI/ShapeView.swift:69	ShapeView	func	strokeBorder
MetalUI	Sources/MetalUI/ShapeView.swift:73	ShapeView	func	requestProposalLayout
MetalUI	Sources/MetalUI/ShapeView.swift:78	ShapeView	func	prepaint
MetalUI	Sources/MetalUI/ShapeView.swift:81	ShapeView	func	paint
MetalUI	Sources/MetalUI/Slider.swift:58	-	struct	Slider
MetalUI	Sources/MetalUI/Slider.swift:59	Slider	var	style
MetalUI	Sources/MetalUI/Slider.swift:60	Slider	var	decoration
MetalUI	Sources/MetalUI/Slider.swift:61	Slider	var	elementID
MetalUI	Sources/MetalUI/Slider.swift:62	Slider	var	handlers
MetalUI	Sources/MetalUI/Slider.swift:74	Slider	init	init
MetalUI	Sources/MetalUI/Slider.swift:81	Slider	init	init
MetalUI	Sources/MetalUI/Slider.swift:105	Slider	struct	Layout
MetalUI	Sources/MetalUI/Slider.swift:107	Slider	func	requestLayout
MetalUI	Sources/MetalUI/Slider.swift:116	Slider	func	prepaint
MetalUI	Sources/MetalUI/Slider.swift:151	Slider	func	paint
MetalUI	Sources/MetalUI/Stack.swift:10	-	enum	Alignment
MetalUI	Sources/MetalUI/Stack.swift:60	-	struct	Stack
MetalUI	Sources/MetalUI/Stack.swift:61	Stack	var	style
MetalUI	Sources/MetalUI/Stack.swift:62	Stack	var	decoration
MetalUI	Sources/MetalUI/Stack.swift:63	Stack	var	elementID
MetalUI	Sources/MetalUI/Stack.swift:64	Stack	var	handlers
MetalUI	Sources/MetalUI/Stack.swift:65	Stack	var	content
MetalUI	Sources/MetalUI/Stack.swift:67	Stack	init	init
MetalUI	Sources/MetalUI/Stack.swift:84	Stack	struct	Layout
MetalUI	Sources/MetalUI/Stack.swift:85	Stack.Layout	var	node
MetalUI	Sources/MetalUI/Stack.swift:89	Stack	func	requestLayout
MetalUI	Sources/MetalUI/Stack.swift:114	Stack	func	prepaint
MetalUI	Sources/MetalUI/Stack.swift:140	Stack	func	paint
MetalUI	Sources/MetalUI/StackAlignment.swift:20	-	enum	VerticalAlignment
MetalUI	Sources/MetalUI/StackAlignment.swift:60	-	enum	HorizontalAlignment
MetalUI	Sources/MetalUI/State.swift:60	-	struct	State
MetalUI	Sources/MetalUI/State.swift:93	State	init	init
MetalUI	Sources/MetalUI/State.swift:95	State	var	wrappedValue
MetalUI	Sources/MetalUI/State.swift:122	State	var	projectedValue
MetalUI	Sources/MetalUI/Stepper.swift:31	-	struct	Stepper
MetalUI	Sources/MetalUI/Stepper.swift:41	Stepper	var	style
MetalUI	Sources/MetalUI/Stepper.swift:42	Stepper	var	decoration
MetalUI	Sources/MetalUI/Stepper.swift:43	Stepper	var	elementID
MetalUI	Sources/MetalUI/Stepper.swift:44	Stepper	var	handlers
MetalUI	Sources/MetalUI/Stepper.swift:51	Stepper	init	init
MetalUI	Sources/MetalUI/Stepper.swift:57	Stepper	init	init
MetalUI	Sources/MetalUI/Stepper.swift:64	Stepper	init	init
MetalUI	Sources/MetalUI/Stepper.swift:127	Stepper	func	requestLayout
MetalUI	Sources/MetalUI/Stepper.swift:136	Stepper	func	prepaint
MetalUI	Sources/MetalUI/Stepper.swift:168	Stepper	func	paint
MetalUI	Sources/MetalUI/Style.swift:29	-	enum	Position
MetalUI	Sources/MetalUI/Style.swift:31	-	enum	FlexDirection
MetalUI	Sources/MetalUI/Style.swift:35	FlexDirection	var	isRow
MetalUI	Sources/MetalUI/Style.swift:37	FlexDirection	var	isReverse
MetalUI	Sources/MetalUI/Style.swift:44	-	enum	AlignItems
MetalUI	Sources/MetalUI/Style.swift:57	-	enum	AlignSelf
MetalUI	Sources/MetalUI/Style.swift:61	-	enum	JustifyContent
MetalUI	Sources/MetalUI/Style.swift:75	-	struct	Style
MetalUI	Sources/MetalUI/Style.swift:101	Style	init	init
MetalUI	Sources/MetalUI/Style.swift:103	Style	let	`default`
MetalUI	Sources/MetalUI/Text.swift:46	-	struct	Text
MetalUI	Sources/MetalUI/Text.swift:47	Text	var	style
MetalUI	Sources/MetalUI/Text.swift:48	Text	var	decoration
MetalUI	Sources/MetalUI/Text.swift:49	Text	var	elementID
MetalUI	Sources/MetalUI/Text.swift:50	Text	var	handlers
MetalUI	Sources/MetalUI/Text.swift:56	Text	var	string
MetalUI	Sources/MetalUI/Text.swift:74	Text	var	fontFamily
MetalUI	Sources/MetalUI/Text.swift:84	Text	var	fontSize
MetalUI	Sources/MetalUI/Text.swift:93	Text	var	foregroundColor
MetalUI	Sources/MetalUI/Text.swift:95	Text	init	init
MetalUI	Sources/MetalUI/Text.swift:104	Text	func	font
MetalUI	Sources/MetalUI/Text.swift:113	Text	func	foregroundColor
MetalUI	Sources/MetalUI/Text.swift:119	Text	struct	Layout
MetalUI	Sources/MetalUI/Text.swift:120	Text.Layout	var	node
MetalUI	Sources/MetalUI/Text.swift:128	Text	func	requestLayout
MetalUI	Sources/MetalUI/Text.swift:169	Text	func	prepaint
MetalUI	Sources/MetalUI/Text.swift:214	Text	func	paint
MetalUI	Sources/MetalUI/TextEditor.swift:20	-	struct	TextEditor
MetalUI	Sources/MetalUI/TextEditor.swift:21	TextEditor	var	style
MetalUI	Sources/MetalUI/TextEditor.swift:22	TextEditor	var	decoration
MetalUI	Sources/MetalUI/TextEditor.swift:23	TextEditor	var	elementID
MetalUI	Sources/MetalUI/TextEditor.swift:24	TextEditor	var	handlers
MetalUI	Sources/MetalUI/TextEditor.swift:26	TextEditor	var	placeholder
MetalUI	Sources/MetalUI/TextEditor.swift:27	TextEditor	var	text
MetalUI	Sources/MetalUI/TextEditor.swift:28	TextEditor	var	onChange
MetalUI	Sources/MetalUI/TextEditor.swift:29	TextEditor	var	foregroundColor
MetalUI	Sources/MetalUI/TextEditor.swift:35	TextEditor	var	fontFamily
MetalUI	Sources/MetalUI/TextEditor.swift:40	TextEditor	var	fontSize
MetalUI	Sources/MetalUI/TextEditor.swift:45	TextEditor	init	init
MetalUI	Sources/MetalUI/TextEditor.swift:63	TextEditor	init	init
MetalUI	Sources/MetalUI/TextEditor.swift:67	TextEditor	func	font
MetalUI	Sources/MetalUI/TextEditor.swift:73	TextEditor	func	foregroundColor
MetalUI	Sources/MetalUI/TextEditor.swift:79	TextEditor	struct	Layout
MetalUI	Sources/MetalUI/TextEditor.swift:80	TextEditor.Layout	var	node
MetalUI	Sources/MetalUI/TextEditor.swift:104	TextEditor	func	requestLayout
MetalUI	Sources/MetalUI/TextEditor.swift:208	TextEditor	func	prepaint
MetalUI	Sources/MetalUI/TextEditor.swift:246	TextEditor	func	paint
MetalUI	Sources/MetalUI/TextField.swift:20	-	struct	TextField
MetalUI	Sources/MetalUI/TextField.swift:21	TextField	var	style
MetalUI	Sources/MetalUI/TextField.swift:22	TextField	var	decoration
MetalUI	Sources/MetalUI/TextField.swift:23	TextField	var	elementID
MetalUI	Sources/MetalUI/TextField.swift:24	TextField	var	handlers
MetalUI	Sources/MetalUI/TextField.swift:26	TextField	var	placeholder
MetalUI	Sources/MetalUI/TextField.swift:27	TextField	var	text
MetalUI	Sources/MetalUI/TextField.swift:28	TextField	var	onChange
MetalUI	Sources/MetalUI/TextField.swift:29	TextField	var	submit
MetalUI	Sources/MetalUI/TextField.swift:30	TextField	var	foregroundColor
MetalUI	Sources/MetalUI/TextField.swift:36	TextField	var	fontFamily
MetalUI	Sources/MetalUI/TextField.swift:41	TextField	var	fontSize
MetalUI	Sources/MetalUI/TextField.swift:46	TextField	init	init
MetalUI	Sources/MetalUI/TextField.swift:64	TextField	init	init
MetalUI	Sources/MetalUI/TextField.swift:68	TextField	func	font
MetalUI	Sources/MetalUI/TextField.swift:74	TextField	func	foregroundColor
MetalUI	Sources/MetalUI/TextField.swift:81	TextField	func	onSubmit
MetalUI	Sources/MetalUI/TextField.swift:87	TextField	struct	Layout
MetalUI	Sources/MetalUI/TextField.swift:88	TextField.Layout	var	node
MetalUI	Sources/MetalUI/TextField.swift:115	TextField	func	requestLayout
MetalUI	Sources/MetalUI/TextField.swift:182	TextField	func	prepaint
MetalUI	Sources/MetalUI/TextField.swift:213	TextField	func	paint
MetalUI	Sources/MetalUI/TextModifiers.swift:16	ElementGroup	func	font
MetalUI	Sources/MetalUI/TextModifiers.swift:22	ElementGroup	func	fontWeight
MetalUI	Sources/MetalUI/TextModifiers.swift:28	ElementGroup	func	italic
MetalUI	Sources/MetalUI/TextModifiers.swift:34	ElementGroup	func	foregroundStyle
MetalUI	Sources/MetalUI/TextModifiers.swift:39	ElementGroup	func	foregroundColor
MetalUI	Sources/MetalUI/TextModifiers.swift:45	ElementGroup	func	lineLimit
MetalUI	Sources/MetalUI/TextModifiers.swift:51	ElementGroup	func	lineLimit
MetalUI	Sources/MetalUI/TextModifiers.swift:57	ElementGroup	func	lineLimit
MetalUI	Sources/MetalUI/TextModifiers.swift:62	ElementGroup	func	lineLimit
MetalUI	Sources/MetalUI/TextModifiers.swift:67	ElementGroup	func	lineLimit
MetalUI	Sources/MetalUI/TextModifiers.swift:72	ElementGroup	func	truncationMode
MetalUI	Sources/MetalUI/TextModifiers.swift:77	ElementGroup	func	multilineTextAlignment
MetalUI	Sources/MetalUI/TextModifiers.swift:85	Text	func	font
MetalUI	Sources/MetalUI/TextModifiers.swift:93	Text	func	fontWeight
MetalUI	Sources/MetalUI/TextModifiers.swift:101	Text	func	italic
MetalUI	Sources/MetalUI/TextModifiers.swift:109	Text	func	foregroundStyle
MetalUI	Sources/MetalUI/TextModifiers.swift:118	ProposalText	func	font
MetalUI	Sources/MetalUI/TextModifiers.swift:125	ProposalText	func	fontWeight
MetalUI	Sources/MetalUI/TextModifiers.swift:132	ProposalText	func	italic
MetalUI	Sources/MetalUI/TextModifiers.swift:139	ProposalText	func	foregroundStyle
MetalUI	Sources/MetalUI/TextModifiers.swift:148	TextField	func	font
MetalUI	Sources/MetalUI/TextModifiers.swift:157	TextEditor	func	font
MetalUI	Sources/MetalUI/Theme.swift:18	-	enum	ColorToken
MetalUI	Sources/MetalUI/Theme.swift:72	-	struct	Theme
MetalUI	Sources/MetalUI/Theme.swift:73	Theme	var	background
MetalUI	Sources/MetalUI/Theme.swift:74	Theme	var	surface
MetalUI	Sources/MetalUI/Theme.swift:75	Theme	var	surfaceSecondary
MetalUI	Sources/MetalUI/Theme.swift:76	Theme	var	accent
MetalUI	Sources/MetalUI/Theme.swift:77	Theme	var	separator
MetalUI	Sources/MetalUI/Theme.swift:78	Theme	var	textPrimary
MetalUI	Sources/MetalUI/Theme.swift:79	Theme	var	scrollIndicator
MetalUI	Sources/MetalUI/Theme.swift:80	Theme	var	scrim
MetalUI	Sources/MetalUI/Theme.swift:82	Theme	init	init
MetalUI	Sources/MetalUI/Theme.swift:95	Theme	subscript	subscript
MetalUI	Sources/MetalUI/Theme.swift:115	Theme	let	light
MetalUI	Sources/MetalUI/Theme.swift:126	Theme	let	dark
MetalUI	Sources/MetalUI/Theme.swift:142	Theme	func	forAppearance
MetalUI	Sources/MetalUI/Toggle.swift:28	-	struct	Toggle
MetalUI	Sources/MetalUI/Toggle.swift:29	Toggle	var	style
MetalUI	Sources/MetalUI/Toggle.swift:30	Toggle	var	decoration
MetalUI	Sources/MetalUI/Toggle.swift:31	Toggle	var	elementID
MetalUI	Sources/MetalUI/Toggle.swift:32	Toggle	var	handlers
MetalUI	Sources/MetalUI/Toggle.swift:36	Toggle	init	init
MetalUI	Sources/MetalUI/Toggle.swift:47	Toggle	func	requestLayout
MetalUI	Sources/MetalUI/Toggle.swift:65	Toggle	func	prepaint
MetalUI	Sources/MetalUI/Toggle.swift:87	Toggle	func	paint
MetalUI	Sources/MetalUI/Toggle.swift:100	Toggle	init	init
MetalUI	Sources/MetalUI/Transaction.swift:28	-	struct	Transaction
MetalUI	Sources/MetalUI/Transaction.swift:31	Transaction	var	animation
MetalUI	Sources/MetalUI/Transaction.swift:35	Transaction	var	disablesAnimations
MetalUI	Sources/MetalUI/Transaction.swift:38	Transaction	init	init
MetalUI	Sources/MetalUI/Transaction.swift:41	Transaction	init	init
MetalUI	Sources/MetalUI/Transaction.swift:54	-	func	withTransaction
MetalUI	Sources/MetalUI/Transition.swift:12	-	enum	Edge
MetalUI	Sources/MetalUI/Transition.swift:115	-	struct	AnyTransition
MetalUI	Sources/MetalUI/Transition.swift:132	AnyTransition	let	identity
MetalUI	Sources/MetalUI/Transition.swift:134	AnyTransition	let	opacity
MetalUI	Sources/MetalUI/Transition.swift:136	AnyTransition	let	slide
MetalUI	Sources/MetalUI/Transition.swift:138	AnyTransition	let	scale
MetalUI	Sources/MetalUI/Transition.swift:142	AnyTransition	func	scale
MetalUI	Sources/MetalUI/Transition.swift:147	AnyTransition	func	move
MetalUI	Sources/MetalUI/Transition.swift:150	AnyTransition	func	offset
MetalUI	Sources/MetalUI/Transition.swift:155	AnyTransition	func	push
MetalUI	Sources/MetalUI/Transition.swift:158	AnyTransition	func	asymmetric
MetalUI	Sources/MetalUI/Transition.swift:163	AnyTransition	func	combined
MetalUI	Sources/MetalUI/TransitionGroup.swift:10	-	struct	TransitionGroupLayout
MetalUI	Sources/MetalUI/TransitionGroup.swift:31	-	struct	TransitionGroup
MetalUI	Sources/MetalUI/TransitionGroup.swift:40	TransitionGroup	func	requestGroupLayout
MetalUI	Sources/MetalUI/TransitionGroup.swift:50	TransitionGroup	func	prepaintGroup
MetalUI	Sources/MetalUI/TransitionGroup.swift:56	TransitionGroup	func	paintGroup
MetalUI	Sources/MetalUI/TransitionGroup.swift:75	TransitionGroup	func	requestProposalGroupLayout
MetalUI	Sources/MetalUI/TransitionGroup.swift:114	ElementGroup	func	transition
MetalUI	Sources/MetalUI/UnitPoint.swift:14	-	struct	UnitPoint
MetalUI	Sources/MetalUI/UnitPoint.swift:15	UnitPoint	var	x
MetalUI	Sources/MetalUI/UnitPoint.swift:16	UnitPoint	var	y
MetalUI	Sources/MetalUI/UnitPoint.swift:18	UnitPoint	init	init
MetalUI	Sources/MetalUI/UnitPoint.swift:23	UnitPoint	let	zero
MetalUI	Sources/MetalUI/UnitPoint.swift:24	UnitPoint	let	center
MetalUI	Sources/MetalUI/UnitPoint.swift:25	UnitPoint	let	leading
MetalUI	Sources/MetalUI/UnitPoint.swift:26	UnitPoint	let	trailing
MetalUI	Sources/MetalUI/UnitPoint.swift:27	UnitPoint	let	top
MetalUI	Sources/MetalUI/UnitPoint.swift:28	UnitPoint	let	bottom
MetalUI	Sources/MetalUI/UnitPoint.swift:29	UnitPoint	let	topLeading
MetalUI	Sources/MetalUI/UnitPoint.swift:30	UnitPoint	let	topTrailing
MetalUI	Sources/MetalUI/UnitPoint.swift:31	UnitPoint	let	bottomLeading
MetalUI	Sources/MetalUI/UnitPoint.swift:32	UnitPoint	let	bottomTrailing
MetalUI	Sources/MetalUI/Window.swift:12	-	class	Window
MetalUI	Sources/MetalUI/Window.swift:117	Window	var	theme
MetalUI	Sources/MetalUI/Window.swift:152	Window	var	environment
MetalUI	Sources/MetalUI/Window.swift:170	Window	var	controlActiveState
MetalUI	Sources/MetalUI/Window.swift:228	Window	var	onInput
MetalUI	Sources/MetalUI/Window.swift:233	Window	var	needsRedraw
MetalUI	Sources/MetalUI/Window.swift:256	Window	var	hasActiveAnimations
MetalUI	Sources/MetalUI/Window.swift:259	Window	var	framesDrawn
MetalUI	Sources/MetalUI/Window.swift:263	Window	var	pausesEntered
MetalUI	Sources/MetalUI/Window.swift:278	Window	var	observationDirtyings
MetalUI	Sources/MetalUI/Window.swift:387	Window	var	focusedElement
MetalUI	Sources/MetalUI/Window.swift:424	Window	var	keymap
MetalUI	Sources/MetalUI/Window.swift:458	Window	var	onAction
MetalUI	Sources/MetalUI/Window.swift:486	Window	func	focus
MetalUI	Sources/MetalUI/Window.swift:864	Window	func	setNeedsRedraw
MetalUI	Sources/MetalUI/Window.swift:949	Window	func	drawFrameIfNeeded
MetalUICore	Sources/MetalUICore/Appearance.swift:14	-	enum	Appearance
MetalUICore	Sources/MetalUICore/Color.swift:3	-	struct	Hsla
MetalUICore	Sources/MetalUICore/Color.swift:4	Hsla	var	h
MetalUICore	Sources/MetalUICore/Color.swift:5	Hsla	var	s
MetalUICore	Sources/MetalUICore/Color.swift:6	Hsla	var	l
MetalUICore	Sources/MetalUICore/Color.swift:7	Hsla	var	a
MetalUICore	Sources/MetalUICore/Color.swift:8	Hsla	init	init
MetalUICore	Sources/MetalUICore/Color.swift:12	Hsla	let	white
MetalUICore	Sources/MetalUICore/Color.swift:13	Hsla	let	black
MetalUICore	Sources/MetalUICore/Color.swift:14	Hsla	let	transparent
MetalUICore	Sources/MetalUICore/Color.swift:16	Hsla	func	rgb
MetalUICore	Sources/MetalUICore/Color.swift:23	Hsla	func	toRgba
MetalUICore	Sources/MetalUICore/Color.swift:42	-	struct	Rgba
MetalUICore	Sources/MetalUICore/Color.swift:43	Rgba	var	r
MetalUICore	Sources/MetalUICore/Color.swift:44	Rgba	var	g
MetalUICore	Sources/MetalUICore/Color.swift:45	Rgba	var	b
MetalUICore	Sources/MetalUICore/Color.swift:46	Rgba	var	a
MetalUICore	Sources/MetalUICore/Color.swift:47	Rgba	init	init
MetalUICore	Sources/MetalUICore/Color.swift:51	Rgba	func	toHsla
MetalUICore	Sources/MetalUICore/ControlActiveState.swift:22	-	enum	ControlActiveState
MetalUICore	Sources/MetalUICore/Geometry.swift:3	-	struct	Point
MetalUICore	Sources/MetalUICore/Geometry.swift:4	Point	var	x
MetalUICore	Sources/MetalUICore/Geometry.swift:5	Point	var	y
MetalUICore	Sources/MetalUICore/Geometry.swift:6	Point	init	init
MetalUICore	Sources/MetalUICore/Geometry.swift:9	-	struct	Size
MetalUICore	Sources/MetalUICore/Geometry.swift:10	Size	var	width
MetalUICore	Sources/MetalUICore/Geometry.swift:11	Size	var	height
MetalUICore	Sources/MetalUICore/Geometry.swift:12	Size	init	init
MetalUICore	Sources/MetalUICore/Geometry.swift:15	-	struct	Bounds
MetalUICore	Sources/MetalUICore/Geometry.swift:16	Bounds	var	origin
MetalUICore	Sources/MetalUICore/Geometry.swift:17	Bounds	var	size
MetalUICore	Sources/MetalUICore/Geometry.swift:18	Bounds	init	init
MetalUICore	Sources/MetalUICore/Geometry.swift:21	-	struct	Edges
MetalUICore	Sources/MetalUICore/Geometry.swift:22	Edges	var	top
MetalUICore	Sources/MetalUICore/Geometry.swift:23	Edges	var	right
MetalUICore	Sources/MetalUICore/Geometry.swift:24	Edges	var	bottom
MetalUICore	Sources/MetalUICore/Geometry.swift:25	Edges	var	left
MetalUICore	Sources/MetalUICore/Geometry.swift:26	Edges	init	init
MetalUICore	Sources/MetalUICore/Geometry.swift:29	Edges	init	init
MetalUICore	Sources/MetalUICore/Geometry.swift:32	-	struct	Corners
MetalUICore	Sources/MetalUICore/Geometry.swift:33	Corners	var	topLeft
MetalUICore	Sources/MetalUICore/Geometry.swift:34	Corners	var	topRight
MetalUICore	Sources/MetalUICore/Geometry.swift:35	Corners	var	bottomRight
MetalUICore	Sources/MetalUICore/Geometry.swift:36	Corners	var	bottomLeft
MetalUICore	Sources/MetalUICore/Geometry.swift:37	Corners	init	init
MetalUICore	Sources/MetalUICore/Geometry.swift:41	Corners	init	init
MetalUICore	Sources/MetalUICore/Geometry.swift:44	-	struct	Axes
MetalUICore	Sources/MetalUICore/Geometry.swift:45	Axes	var	horizontal
MetalUICore	Sources/MetalUICore/Geometry.swift:46	Axes	var	vertical
MetalUICore	Sources/MetalUICore/Geometry.swift:47	Axes	init	init
MetalUICore	Sources/MetalUICore/Geometry.swift:48	Axes	init	init
MetalUICore	Sources/MetalUICore/Geometry.swift:70	Bounds	var	minX
MetalUICore	Sources/MetalUICore/Geometry.swift:71	Bounds	var	minY
MetalUICore	Sources/MetalUICore/Geometry.swift:72	Bounds	var	maxX
MetalUICore	Sources/MetalUICore/Geometry.swift:73	Bounds	var	maxY
MetalUICore	Sources/MetalUICore/Geometry.swift:78	Bounds	func	contains
MetalUICore	Sources/MetalUICore/LayoutDirection.swift:19	-	enum	LayoutDirection
MetalUICore	Sources/MetalUICore/Units.swift:3	-	protocol	ScalarUnit
MetalUICore	Sources/MetalUICore/Units.swift:10	ScalarUnit	init	init
MetalUICore	Sources/MetalUICore/Units.swift:11	ScalarUnit	init	init
MetalUICore	Sources/MetalUICore/Units.swift:12	ScalarUnit	var	zero
MetalUICore	Sources/MetalUICore/Units.swift:13	ScalarUnit	func	
MetalUICore	Sources/MetalUICore/Units.swift:14	ScalarUnit	func	+
MetalUICore	Sources/MetalUICore/Units.swift:15	ScalarUnit	func	-
MetalUICore	Sources/MetalUICore/Units.swift:16	ScalarUnit	func	*
MetalUICore	Sources/MetalUICore/Units.swift:17	ScalarUnit	func	/
MetalUICore	Sources/MetalUICore/Units.swift:18	ScalarUnit	prefix	func
MetalUICore	Sources/MetalUICore/Units.swift:22	-	struct	Pixels
MetalUICore	Sources/MetalUICore/Units.swift:23	Pixels	var	value
MetalUICore	Sources/MetalUICore/Units.swift:24	Pixels	init	init
MetalUICore	Sources/MetalUICore/Units.swift:26	Pixels	func	scaled
MetalUICore	Sources/MetalUICore/Units.swift:30	-	struct	ScaledPixels
MetalUICore	Sources/MetalUICore/Units.swift:31	ScaledPixels	var	value
MetalUICore	Sources/MetalUICore/Units.swift:32	ScaledPixels	init	init
MetalUICore	Sources/MetalUICore/Units.swift:36	-	struct	DevicePixels
MetalUICore	Sources/MetalUICore/Units.swift:37	DevicePixels	var	value
MetalUICore	Sources/MetalUICore/Units.swift:38	DevicePixels	init	init
MetalUICore	Sources/MetalUICore/Units.swift:39	DevicePixels	func	
MetalUICore	Sources/MetalUICore/Units.swift:43	-	struct	Rems
MetalUICore	Sources/MetalUICore/Units.swift:44	Rems	var	value
MetalUICore	Sources/MetalUICore/Units.swift:45	Rems	init	init
MetalUICore	Sources/MetalUICore/Units.swift:49	-	enum	Length
MetalUICore	Sources/MetalUICore/Units.swift:69	-	enum	Dimension
MetalUILayout	Sources/MetalUILayout/LayoutTree.swift:17	-	struct	LayoutNodeID
MetalUILayout	Sources/MetalUILayout/LayoutTree.swift:19	LayoutNodeID	let	generation
MetalUILayout	Sources/MetalUILayout/LayoutTree.swift:20	LayoutNodeID	let	index
MetalUILayout	Sources/MetalUILayout/LayoutTree.swift:51	-	class	LayoutTree
MetalUILayout	Sources/MetalUILayout/LayoutTree.swift:131	LayoutTree	var	generation
MetalUILayout	Sources/MetalUILayout/LayoutTree.swift:133	LayoutTree	init	init
MetalUILayout	Sources/MetalUILayout/LayoutTree.swift:135	LayoutTree	var	nodeCount
MetalUILayout	Sources/MetalUILayout/LayoutTree.swift:160	LayoutTree	func	isCurrent
MetalUILayout	Sources/MetalUILayout/LayoutTree.swift:180	LayoutTree	func	newNativeLeaf
MetalUILayout	Sources/MetalUILayout/LayoutTree.swift:192	LayoutTree	func	newNativeOverlay
MetalUILayout	Sources/MetalUILayout/LayoutTree.swift:205	LayoutTree	func	newNativeOverlayAttachment
MetalUILayout	Sources/MetalUILayout/LayoutTree.swift:276	LayoutTree	func	newNativeFrame
MetalUILayout	Sources/MetalUILayout/LayoutTree.swift:308	LayoutTree	func	newNativePadding
MetalUILayout	Sources/MetalUILayout/LayoutTree.swift:325	LayoutTree	func	newNativeFixedSize
MetalUILayout	Sources/MetalUILayout/LayoutTree.swift:359	LayoutTree	func	newNativeAspectRatio
MetalUILayout	Sources/MetalUILayout/LayoutTree.swift:382	LayoutTree	func	newNativeLayoutPriority
MetalUILayout	Sources/MetalUILayout/LayoutTree.swift:410	LayoutTree	func	newNativeSpacer
MetalUILayout	Sources/MetalUILayout/LayoutTree.swift:449	LayoutTree	func	newNativeLinearStack
MetalUILayout	Sources/MetalUILayout/LayoutTree.swift:478	LayoutTree	func	newNativeScrollViewport
MetalUILayout	Sources/MetalUILayout/LayoutTree.swift:492	LayoutTree	func	newNativeLayout
MetalUILayout	Sources/MetalUILayout/LayoutTree.swift:526	LayoutTree	func	computeNativeLayout
MetalUILayout	Sources/MetalUILayout/LayoutTree.swift:545	LayoutTree	func	computeNativeLayout
MetalUILayout	Sources/MetalUILayout/LayoutTree.swift:600	LayoutTree	func	children
MetalUILayout	Sources/MetalUILayout/LayoutTree.swift:601	LayoutTree	func	layout
MetalUILayout	Sources/MetalUILayout/LayoutTree.swift:608	LayoutTree	func	setLayout
MetalUILayout	Sources/MetalUILayout/LayoutTree.swift:638	LayoutTree	func	measuredWidth
MetalUILayout	Sources/MetalUILayout/LayoutTree.swift:665	LayoutTree	func	reset
MetalUILayout	Sources/MetalUILayout/LayoutTree.swift:1591	-	typealias	ProposalMeasureFunction
MetalUILayout	Sources/MetalUILayout/LayoutTree.swift:1594	-	enum	ProposalStackAxis
MetalUILayout	Sources/MetalUILayout/LayoutTree.swift:1600	-	enum	AspectRatioContentMode
MetalUILayout	Sources/MetalUILayout/LayoutTree.swift:1608	-	enum	ProposalAlignment
MetalUILayout	Sources/MetalUILayout/LayoutTree.swift:1616	ProposalAlignment	var	horizontalFactor
MetalUILayout	Sources/MetalUILayout/LayoutTree.swift:1626	ProposalAlignment	var	verticalFactor
MetalUILayout	Sources/MetalUILayout/LayoutTree.swift:1643	-	struct	ProposalAnchor
MetalUILayout	Sources/MetalUILayout/LayoutTree.swift:1644	ProposalAnchor	var	horizontalFactor
MetalUILayout	Sources/MetalUILayout/LayoutTree.swift:1645	ProposalAnchor	var	verticalFactor
MetalUILayout	Sources/MetalUILayout/LayoutTree.swift:1647	ProposalAnchor	init	init
MetalUILayout	Sources/MetalUILayout/LayoutTree.swift:1653	ProposalAnchor	init	init
MetalUILayout	Sources/MetalUILayout/LayoutTree.swift:1682	-	typealias	NativeMeasureFunction
MetalUILayout	Sources/MetalUILayout/LayoutTree.swift:1686	-	typealias	NativeStackAxis
MetalUILayout	Sources/MetalUILayout/LayoutTree.swift:1690	-	typealias	NativeAlignment
MetalUILayout	Sources/MetalUILayout/LayoutTree.swift:1706	LayoutTree	func	markNativeGridRow
MetalUILayout	Sources/MetalUILayout/LayoutTree.swift:1745	LayoutTree	func	markNativeGridCell
MetalUILayout	Sources/MetalUILayout/LayoutTree.swift:1852	LayoutTree	func	newNativeGrid
MetalUILayout	Sources/MetalUILayout/MeasureFunction.swift:7	-	struct	SizeD
MetalUILayout	Sources/MetalUILayout/MeasureFunction.swift:8	SizeD	var	width
MetalUILayout	Sources/MetalUILayout/MeasureFunction.swift:9	SizeD	var	height
MetalUILayout	Sources/MetalUILayout/MeasureFunction.swift:10	SizeD	init	init
MetalUILayout	Sources/MetalUILayout/MeasureFunction.swift:11	SizeD	let	zero
MetalUILayout	Sources/MetalUILayout/NativeGrid.swift:26	-	struct	ProposalAxes
MetalUILayout	Sources/MetalUILayout/NativeGrid.swift:27	ProposalAxes	let	rawValue
MetalUILayout	Sources/MetalUILayout/NativeGrid.swift:28	ProposalAxes	init	init
MetalUILayout	Sources/MetalUILayout/NativeGrid.swift:29	ProposalAxes	let	horizontal
MetalUILayout	Sources/MetalUILayout/NativeGrid.swift:30	ProposalAxes	let	vertical
MetalUILayout	Sources/MetalUILayout/ProposalLayout.swift:21	-	protocol	ProposalLayout
MetalUILayout	Sources/MetalUILayout/ProposalLayout.swift:36	-	struct	MeasurementSubviews
MetalUILayout	Sources/MetalUILayout/ProposalLayout.swift:45	MeasurementSubviews	var	startIndex
MetalUILayout	Sources/MetalUILayout/ProposalLayout.swift:46	MeasurementSubviews	var	endIndex
MetalUILayout	Sources/MetalUILayout/ProposalLayout.swift:47	MeasurementSubviews	subscript	subscript
MetalUILayout	Sources/MetalUILayout/ProposalLayout.swift:55	-	struct	MeasurementSubview
MetalUILayout	Sources/MetalUILayout/ProposalLayout.swift:71	MeasurementSubview	var	priority
MetalUILayout	Sources/MetalUILayout/ProposalLayout.swift:86	MeasurementSubview	var	isSpacer
MetalUILayout	Sources/MetalUILayout/ProposalLayout.swift:94	MeasurementSubview	func	sizeThatFits
MetalUILayout	Sources/MetalUILayout/ProposalLayout.swift:101	-	struct	PlacementSubviews
MetalUILayout	Sources/MetalUILayout/ProposalLayout.swift:115	PlacementSubviews	var	startIndex
MetalUILayout	Sources/MetalUILayout/ProposalLayout.swift:116	PlacementSubviews	var	endIndex
MetalUILayout	Sources/MetalUILayout/ProposalLayout.swift:117	PlacementSubviews	subscript	subscript
MetalUILayout	Sources/MetalUILayout/ProposalLayout.swift:125	-	struct	PlacementSubview
MetalUILayout	Sources/MetalUILayout/ProposalLayout.swift:142	PlacementSubview	var	priority
MetalUILayout	Sources/MetalUILayout/ProposalLayout.swift:148	PlacementSubview	var	isSpacer
MetalUILayout	Sources/MetalUILayout/ProposalLayout.swift:155	PlacementSubview	func	sizeThatFits
MetalUILayout	Sources/MetalUILayout/ProposalLayout.swift:174	PlacementSubview	func	place
MetalUILayout	Sources/MetalUILayout/ProposalSpacing.swift:9	-	enum	ProposalSpacing
MetalUILayout	Sources/MetalUILayout/ProposalSpacing.swift:11	ProposalSpacing	let	platformDefault
MetalUILayout	Sources/MetalUILayout/ProposedSize.swift:8	-	struct	ProposedSize
MetalUILayout	Sources/MetalUILayout/ProposedSize.swift:9	ProposedSize	var	width
MetalUILayout	Sources/MetalUILayout/ProposedSize.swift:10	ProposedSize	var	height
MetalUILayout	Sources/MetalUILayout/ProposedSize.swift:12	ProposedSize	init	init
MetalUILayout	Sources/MetalUILayout/ProposedSize.swift:18	ProposedSize	let	unspecified
MetalUILayout	Sources/MetalUILayout/ProposedSize.swift:21	ProposedSize	let	zero
MetalUILayout	Sources/MetalUILayout/ProposedSize.swift:24	ProposedSize	let	infinity
MetalUILayout	Sources/MetalUILayout/ProposedSize.swift:31	ProposedSize	func	replacingUnspecifiedDimensions
MetalUILayout	Sources/MetalUILayout/ProposedSize.swift:39	-	enum	ProposalTextBaseline
MetalUILayout	Sources/MetalUILayout/ProposedSize.swift:49	-	struct	LayoutMeasurement
MetalUILayout	Sources/MetalUILayout/ProposedSize.swift:50	LayoutMeasurement	var	size
MetalUILayout	Sources/MetalUILayout/ProposedSize.swift:51	LayoutMeasurement	var	firstBaseline
MetalUILayout	Sources/MetalUILayout/ProposedSize.swift:52	LayoutMeasurement	var	lastBaseline
MetalUILayout	Sources/MetalUILayout/ProposedSize.swift:54	LayoutMeasurement	init	init
MetalUILayout	Sources/MetalUILayout/Rounding.swift:2	-	struct	LayoutRect
MetalUILayout	Sources/MetalUILayout/Rounding.swift:3	LayoutRect	var	x
MetalUILayout	Sources/MetalUILayout/Rounding.swift:4	LayoutRect	var	y
MetalUILayout	Sources/MetalUILayout/Rounding.swift:5	LayoutRect	var	width
MetalUILayout	Sources/MetalUILayout/Rounding.swift:6	LayoutRect	var	height
MetalUILayout	Sources/MetalUILayout/Rounding.swift:8	LayoutRect	init	init
MetalUILayout	Sources/MetalUILayout/Rounding.swift:59	-	func	roundLayout
MetalUIPlatform	Sources/MetalUIPlatform/AccessibilityTree.swift:24	-	struct	AccessibilityNodeID
MetalUIPlatform	Sources/MetalUIPlatform/AccessibilityTree.swift:25	AccessibilityNodeID	let	base
MetalUIPlatform	Sources/MetalUIPlatform/AccessibilityTree.swift:26	AccessibilityNodeID	init	init
MetalUIPlatform	Sources/MetalUIPlatform/AccessibilityTree.swift:31	-	enum	AccessibilityRole
MetalUIPlatform	Sources/MetalUIPlatform/AccessibilityTree.swift:57	-	struct	AccessibilityActions
MetalUIPlatform	Sources/MetalUIPlatform/AccessibilityTree.swift:58	AccessibilityActions	let	rawValue
MetalUIPlatform	Sources/MetalUIPlatform/AccessibilityTree.swift:59	AccessibilityActions	init	init
MetalUIPlatform	Sources/MetalUIPlatform/AccessibilityTree.swift:60	AccessibilityActions	let	press
MetalUIPlatform	Sources/MetalUIPlatform/AccessibilityTree.swift:61	AccessibilityActions	let	increment
MetalUIPlatform	Sources/MetalUIPlatform/AccessibilityTree.swift:62	AccessibilityActions	let	decrement
MetalUIPlatform	Sources/MetalUIPlatform/AccessibilityTree.swift:67	-	struct	AccessibilityNode
MetalUIPlatform	Sources/MetalUIPlatform/AccessibilityTree.swift:68	AccessibilityNode	var	role
MetalUIPlatform	Sources/MetalUIPlatform/AccessibilityTree.swift:69	AccessibilityNode	var	label
MetalUIPlatform	Sources/MetalUIPlatform/AccessibilityTree.swift:70	AccessibilityNode	var	value
MetalUIPlatform	Sources/MetalUIPlatform/AccessibilityTree.swift:71	AccessibilityNode	var	isSelected
MetalUIPlatform	Sources/MetalUIPlatform/AccessibilityTree.swift:72	AccessibilityNode	var	isEnabled
MetalUIPlatform	Sources/MetalUIPlatform/AccessibilityTree.swift:73	AccessibilityNode	var	isFocusable
MetalUIPlatform	Sources/MetalUIPlatform/AccessibilityTree.swift:74	AccessibilityNode	var	actions
MetalUIPlatform	Sources/MetalUIPlatform/AccessibilityTree.swift:77	AccessibilityNode	var	children
MetalUIPlatform	Sources/MetalUIPlatform/AccessibilityTree.swift:80	AccessibilityNode	var	rowCount
MetalUIPlatform	Sources/MetalUIPlatform/AccessibilityTree.swift:84	AccessibilityNode	var	rowIndex
MetalUIPlatform	Sources/MetalUIPlatform/AccessibilityTree.swift:87	AccessibilityNode	var	hint
MetalUIPlatform	Sources/MetalUIPlatform/AccessibilityTree.swift:90	AccessibilityNode	var	identifier
MetalUIPlatform	Sources/MetalUIPlatform/AccessibilityTree.swift:94	AccessibilityNode	var	customActions
MetalUIPlatform	Sources/MetalUIPlatform/AccessibilityTree.swift:99	AccessibilityNode	var	isSelectable
MetalUIPlatform	Sources/MetalUIPlatform/AccessibilityTree.swift:101	AccessibilityNode	init	init
MetalUIPlatform	Sources/MetalUIPlatform/AccessibilityTree.swift:125	-	struct	AccessibilityGeometry
MetalUIPlatform	Sources/MetalUIPlatform/AccessibilityTree.swift:128	AccessibilityGeometry	var	frame
MetalUIPlatform	Sources/MetalUIPlatform/AccessibilityTree.swift:132	AccessibilityGeometry	var	visibleFrame
MetalUIPlatform	Sources/MetalUIPlatform/AccessibilityTree.swift:137	AccessibilityGeometry	var	layer
MetalUIPlatform	Sources/MetalUIPlatform/AccessibilityTree.swift:141	AccessibilityGeometry	var	order
MetalUIPlatform	Sources/MetalUIPlatform/AccessibilityTree.swift:143	AccessibilityGeometry	init	init
MetalUIPlatform	Sources/MetalUIPlatform/AccessibilityTree.swift:151	-	struct	AccessibilityTree
MetalUIPlatform	Sources/MetalUIPlatform/AccessibilityTree.swift:154	AccessibilityTree	var	roots
MetalUIPlatform	Sources/MetalUIPlatform/AccessibilityTree.swift:155	AccessibilityTree	var	nodes
MetalUIPlatform	Sources/MetalUIPlatform/AccessibilityTree.swift:158	AccessibilityTree	var	geometry
MetalUIPlatform	Sources/MetalUIPlatform/AccessibilityTree.swift:160	AccessibilityTree	var	focused
MetalUIPlatform	Sources/MetalUIPlatform/AccessibilityTree.swift:162	AccessibilityTree	init	init
MetalUIPlatform	Sources/MetalUIPlatform/AccessibilityTree.swift:173	AccessibilityTree	var	empty
MetalUIPlatform	Sources/MetalUIPlatform/AccessibilityTree.swift:184	AccessibilityTree	func	hasSameStructure
MetalUIPlatform	Sources/MetalUIPlatform/AccessibilityTree.swift:191	-	enum	AccessibilityRequest
MetalUIPlatform	Sources/MetalUIPlatform/InputEvent.swift:3	-	struct	Modifiers
MetalUIPlatform	Sources/MetalUIPlatform/InputEvent.swift:4	Modifiers	let	rawValue
MetalUIPlatform	Sources/MetalUIPlatform/InputEvent.swift:5	Modifiers	init	init
MetalUIPlatform	Sources/MetalUIPlatform/InputEvent.swift:6	Modifiers	let	shift
MetalUIPlatform	Sources/MetalUIPlatform/InputEvent.swift:7	Modifiers	let	control
MetalUIPlatform	Sources/MetalUIPlatform/InputEvent.swift:8	Modifiers	let	option
MetalUIPlatform	Sources/MetalUIPlatform/InputEvent.swift:9	Modifiers	let	command
MetalUIPlatform	Sources/MetalUIPlatform/InputEvent.swift:12	-	struct	MouseEvent
MetalUIPlatform	Sources/MetalUIPlatform/InputEvent.swift:13	MouseEvent	var	position
MetalUIPlatform	Sources/MetalUIPlatform/InputEvent.swift:14	MouseEvent	var	modifiers
MetalUIPlatform	Sources/MetalUIPlatform/InputEvent.swift:15	MouseEvent	var	clickCount
MetalUIPlatform	Sources/MetalUIPlatform/InputEvent.swift:16	MouseEvent	init	init
MetalUIPlatform	Sources/MetalUIPlatform/InputEvent.swift:21	-	struct	ScrollEvent
MetalUIPlatform	Sources/MetalUIPlatform/InputEvent.swift:22	ScrollEvent	var	position
MetalUIPlatform	Sources/MetalUIPlatform/InputEvent.swift:23	ScrollEvent	var	delta
MetalUIPlatform	Sources/MetalUIPlatform/InputEvent.swift:24	ScrollEvent	var	modifiers
MetalUIPlatform	Sources/MetalUIPlatform/InputEvent.swift:27	ScrollEvent	var	isMomentum
MetalUIPlatform	Sources/MetalUIPlatform/InputEvent.swift:36	ScrollEvent	var	timestamp
MetalUIPlatform	Sources/MetalUIPlatform/InputEvent.swift:37	ScrollEvent	init	init
MetalUIPlatform	Sources/MetalUIPlatform/InputEvent.swift:45	-	struct	KeyEvent
MetalUIPlatform	Sources/MetalUIPlatform/InputEvent.swift:48	KeyEvent	var	charactersIgnoringModifiers
MetalUIPlatform	Sources/MetalUIPlatform/InputEvent.swift:49	KeyEvent	var	characters
MetalUIPlatform	Sources/MetalUIPlatform/InputEvent.swift:50	KeyEvent	var	modifiers
MetalUIPlatform	Sources/MetalUIPlatform/InputEvent.swift:51	KeyEvent	var	isRepeat
MetalUIPlatform	Sources/MetalUIPlatform/InputEvent.swift:69	KeyEvent	var	timestamp
MetalUIPlatform	Sources/MetalUIPlatform/InputEvent.swift:70	KeyEvent	init	init
MetalUIPlatform	Sources/MetalUIPlatform/InputEvent.swift:84	-	struct	TextComposition
MetalUIPlatform	Sources/MetalUIPlatform/InputEvent.swift:85	TextComposition	var	text
MetalUIPlatform	Sources/MetalUIPlatform/InputEvent.swift:86	TextComposition	var	selection
MetalUIPlatform	Sources/MetalUIPlatform/InputEvent.swift:88	TextComposition	init	init
MetalUIPlatform	Sources/MetalUIPlatform/InputEvent.swift:94	TextComposition	let	none
MetalUIPlatform	Sources/MetalUIPlatform/InputEvent.swift:97	-	enum	InputEvent
MetalUIPlatform	Sources/MetalUIPlatform/Platform.swift:5	-	protocol	PlatformWindow
MetalUIPlatform	Sources/MetalUIPlatform/Platform.swift:102	-	protocol	Platform
MetalUIPlatform	Sources/MetalUIPlatform/Platform.swift:107	-	enum	PlatformError
MetalUIPlatform	Sources/MetalUIPlatform/Platform.swift:109	PlatformError	var	description
MetalUIPlatform	Sources/MetalUIPlatform/Platform.swift:117	-	protocol	WindowRenderer
MetalUIPrimitives	Sources/MetalUIPrimitives/ShaderTypesBridge.swift:44	MUIRect	init	init
MetalUIPrimitives	Sources/MetalUIPrimitives/ShaderTypesBridge.swift:71	MUIImage	init	init
MetalUIPrimitives	Sources/MetalUIPrimitives/ShaderTypesBridge.swift:99	MUIGlyph	init	init
MetalUITextSystem	Sources/MetalUITextSystem/TextSystem.swift:13	-	protocol	TextSystem
MetalUITextSystem	Sources/MetalUITextSystem/TextSystem.swift:75	TextSystem	func	resolveFont
MetalUITextSystem	Sources/MetalUITextSystem/TextSystem.swift:81	TextSystem	func	measure
MetalUITextSystem	Sources/MetalUITextSystem/TextSystem.swift:86	TextSystem	func	placeGlyphs
MetalUITextSystem	Sources/MetalUITextSystem/TextSystem.swift:93	TextSystem	func	lineRanges
MetalUITextSystem	Sources/MetalUITextSystem/TextSystem.swift:103	-	enum	FontDesign
MetalUITextSystem	Sources/MetalUITextSystem/TextSystem.swift:116	-	struct	FontDescriptor
MetalUITextSystem	Sources/MetalUITextSystem/TextSystem.swift:117	FontDescriptor	var	family
MetalUITextSystem	Sources/MetalUITextSystem/TextSystem.swift:118	FontDescriptor	var	size
MetalUITextSystem	Sources/MetalUITextSystem/TextSystem.swift:119	FontDescriptor	var	weight
MetalUITextSystem	Sources/MetalUITextSystem/TextSystem.swift:120	FontDescriptor	var	italic
MetalUITextSystem	Sources/MetalUITextSystem/TextSystem.swift:121	FontDescriptor	var	design
MetalUITextSystem	Sources/MetalUITextSystem/TextSystem.swift:123	FontDescriptor	init	init
MetalUITextSystem	Sources/MetalUITextSystem/TextSystem.swift:137	-	struct	TextFontMetrics
MetalUITextSystem	Sources/MetalUITextSystem/TextSystem.swift:138	TextFontMetrics	let	ascent
MetalUITextSystem	Sources/MetalUITextSystem/TextSystem.swift:139	TextFontMetrics	let	descent
MetalUITextSystem	Sources/MetalUITextSystem/TextSystem.swift:140	TextFontMetrics	let	leading
MetalUITextSystem	Sources/MetalUITextSystem/TextSystem.swift:141	TextFontMetrics	let	lineHeight
MetalUITextSystem	Sources/MetalUITextSystem/TextSystem.swift:143	TextFontMetrics	init	init
MetalUITextSystem	Sources/MetalUITextSystem/TextSystem.swift:154	-	enum	TextTruncation
MetalUITextSystem	Sources/MetalUITextSystem/TextSystem.swift:160	-	enum	TextLineAlignment
MetalUITextSystem	Sources/MetalUITextSystem/TextSystem.swift:170	-	struct	TextLayoutOptions
MetalUITextSystem	Sources/MetalUITextSystem/TextSystem.swift:171	TextLayoutOptions	var	maxLines
MetalUITextSystem	Sources/MetalUITextSystem/TextSystem.swift:172	TextLayoutOptions	var	truncation
MetalUITextSystem	Sources/MetalUITextSystem/TextSystem.swift:173	TextLayoutOptions	var	alignment
MetalUITextSystem	Sources/MetalUITextSystem/TextSystem.swift:175	TextLayoutOptions	init	init
MetalUITextSystem	Sources/MetalUITextSystem/TextSystem.swift:184	-	struct	TextMeasurement
MetalUITextSystem	Sources/MetalUITextSystem/TextSystem.swift:185	TextMeasurement	let	widestLine
MetalUITextSystem	Sources/MetalUITextSystem/TextSystem.swift:186	TextMeasurement	let	totalHeight
MetalUITextSystem	Sources/MetalUITextSystem/TextSystem.swift:188	TextMeasurement	init	init
MetalUITextSystem	Sources/MetalUITextSystem/TextSystem.swift:197	-	struct	TextGlyph
MetalUITextSystem	Sources/MetalUITextSystem/TextSystem.swift:198	TextGlyph	let	key
MetalUITextSystem	Sources/MetalUITextSystem/TextSystem.swift:199	TextGlyph	let	pixelX
MetalUITextSystem	Sources/MetalUITextSystem/TextSystem.swift:200	TextGlyph	let	baselineY
MetalUITextSystem	Sources/MetalUITextSystem/TextSystem.swift:202	TextGlyph	init	init
MetalUIRender	Sources/MetalUIRender/MetalWindowRenderer.swift:10	-	class	MetalWindowRenderer
MetalUIRender	Sources/MetalUIRender/MetalWindowRenderer.swift:11	MetalWindowRenderer	let	renderer
MetalUIRender	Sources/MetalUIRender/MetalWindowRenderer.swift:12	MetalWindowRenderer	let	surface
MetalUIRender	Sources/MetalUIRender/MetalWindowRenderer.swift:15	MetalWindowRenderer	init	init
MetalUIRender	Sources/MetalUIRender/MetalWindowRenderer.swift:20	MetalWindowRenderer	func	beginFrame
MetalUIRender	Sources/MetalUIRender/MetalWindowRenderer.swift:30	MetalWindowRenderer	func	finishFrame
MetalUIRender	Sources/MetalUIRender/Renderer.swift:10	-	enum	RendererError
MetalUIRender	Sources/MetalUIRender/Renderer.swift:16	RendererError	var	description
MetalUIRender	Sources/MetalUIRender/Renderer.swift:27	-	class	Renderer
MetalUIRender	Sources/MetalUIRender/Renderer.swift:30	Renderer	let	pixelFormat
MetalUIRender	Sources/MetalUIRender/Renderer.swift:37	Renderer	let	atlasPixelFormat
MetalUIRender	Sources/MetalUIRender/Renderer.swift:39	Renderer	let	device
MetalUIRender	Sources/MetalUIRender/Renderer.swift:40	Renderer	let	commandQueue
MetalUIRender	Sources/MetalUIRender/Renderer.swift:94	Renderer	init	init
MetalUIRender	Sources/MetalUIRender/Renderer.swift:149	Renderer	func	encode
MetalUIRender	Sources/MetalUIRender/Renderer.swift:417	Renderer	func	upload
MetalUIRender	Sources/MetalUIRender/Renderer.swift:485	Renderer	func	renderOffscreen
MetalUIRender	Sources/MetalUIRender/RenderSurface.swift:9	-	struct	SurfaceView
MetalUIRender	Sources/MetalUIRender/RenderSurface.swift:10	SurfaceView	var	colorTexture
MetalUIRender	Sources/MetalUIRender/RenderSurface.swift:11	SurfaceView	var	viewport
MetalUIRender	Sources/MetalUIRender/RenderSurface.swift:12	SurfaceView	var	projection
MetalUIRender	Sources/MetalUIRender/RenderSurface.swift:13	SurfaceView	var	rasterizationRateMap
MetalUIRender	Sources/MetalUIRender/RenderSurface.swift:15	SurfaceView	init	init
MetalUIRender	Sources/MetalUIRender/RenderSurface.swift:26	-	struct	SurfaceFrame
MetalUIRender	Sources/MetalUIRender/RenderSurface.swift:27	SurfaceFrame	var	views
MetalUIRender	Sources/MetalUIRender/RenderSurface.swift:28	SurfaceFrame	var	scaleFactor
MetalUIRender	Sources/MetalUIRender/RenderSurface.swift:29	SurfaceFrame	init	init
MetalUIRender	Sources/MetalUIRender/RenderSurface.swift:36	-	protocol	RenderSurface
MetalUIRender	Sources/MetalUIRender/RenderSurface.swift:43	-	enum	RenderSurfaceError
MetalUIRender	Sources/MetalUIRender/RenderSurface.swift:45	RenderSurfaceError	var	description
MetalUIRender	Sources/MetalUIRender/ShaderLibrary.swift:4	-	enum	ShaderLibraryError
MetalUIRender	Sources/MetalUIRender/ShaderLibrary.swift:8	ShaderLibraryError	var	description
MetalUIRender	Sources/MetalUIRender/ShaderLibrary.swift:23	-	enum	ShaderLibrary
MetalUIRender	Sources/MetalUIRender/ShaderLibrary.swift:29	ShaderLibrary	func	combinedSource
MetalUIRender	Sources/MetalUIRender/ShaderLibrary.swift:46	ShaderLibrary	func	make
MetalUIText	Sources/MetalUIText/CaretOffsets.swift:25	Shaper	func	caretOffsets
MetalUIText	Sources/MetalUIText/CoreTextTextSystem.swift:10	-	class	CoreTextTextSystem
MetalUIText	Sources/MetalUIText/CoreTextTextSystem.swift:11	CoreTextTextSystem	let	cache
MetalUIText	Sources/MetalUIText/CoreTextTextSystem.swift:17	CoreTextTextSystem	init	init
MetalUIText	Sources/MetalUIText/CoreTextTextSystem.swift:21	CoreTextTextSystem	func	resolveFont
MetalUIText	Sources/MetalUIText/CoreTextTextSystem.swift:27	CoreTextTextSystem	func	fontMetrics
MetalUIText	Sources/MetalUIText/CoreTextTextSystem.swift:33	CoreTextTextSystem	func	measure
MetalUIText	Sources/MetalUIText/CoreTextTextSystem.swift:39	CoreTextTextSystem	func	caretOffsets
MetalUIText	Sources/MetalUIText/CoreTextTextSystem.swift:43	CoreTextTextSystem	func	lineRanges
MetalUIText	Sources/MetalUIText/CoreTextTextSystem.swift:48	CoreTextTextSystem	func	placeGlyphs
MetalUIText	Sources/MetalUIText/CoreTextTextSystem.swift:60	CoreTextTextSystem	func	rasterize
MetalUIText	Sources/MetalUIText/CoreTextTextSystem.swift:68	CoreTextTextSystem	func	beginFrame
MetalUIText	Sources/MetalUIText/CoreTextTextSystem.swift:69	CoreTextTextSystem	func	endFrame
MetalUIText	Sources/MetalUIText/FontKey.swift:8	FontKey	init	init
MetalUIText	Sources/MetalUIText/FontKey.swift:31	-	struct	FontMetrics
MetalUIText	Sources/MetalUIText/FontKey.swift:32	FontMetrics	let	ascent
MetalUIText	Sources/MetalUIText/FontKey.swift:33	FontMetrics	let	descent
MetalUIText	Sources/MetalUIText/FontKey.swift:34	FontMetrics	let	leading
MetalUIText	Sources/MetalUIText/FontKey.swift:98	FontMetrics	var	lineHeight
MetalUIText	Sources/MetalUIText/FontKey.swift:100	FontMetrics	init	init
MetalUIText	Sources/MetalUIText/FontKey.swift:106	FontMetrics	init	init
MetalUIText	Sources/MetalUIText/FontResolver.swift:11	-	struct	ResolvedFont
MetalUIText	Sources/MetalUIText/FontResolver.swift:12	ResolvedFont	let	ctFont
MetalUIText	Sources/MetalUIText/FontResolver.swift:13	ResolvedFont	let	key
MetalUIText	Sources/MetalUIText/FontResolver.swift:14	ResolvedFont	let	metrics
MetalUIText	Sources/MetalUIText/FontResolver.swift:25	-	enum	FontResolver
MetalUIText	Sources/MetalUIText/FontResolver.swift:106	FontResolver	func	resolve
MetalUIText	Sources/MetalUIText/FontResolver.swift:156	FontResolver	func	resolve
MetalUIText	Sources/MetalUIText/GlyphRaster.swift:10	-	enum	GlyphRaster
MetalUIText	Sources/MetalUIText/GlyphRaster.swift:22	GlyphRaster	let	subpixelVariants
MetalUIText	Sources/MetalUIText/GlyphRaster.swift:40	GlyphRaster	func	subpixelPlacement
MetalUIText	Sources/MetalUIText/GlyphRaster.swift:106	GlyphRaster	func	rasterize
MetalUIText	Sources/MetalUIText/PlacedGlyph.swift:17	-	struct	PlacedGlyph
MetalUIText	Sources/MetalUIText/PlacedGlyph.swift:20	PlacedGlyph	let	key
MetalUIText	Sources/MetalUIText/PlacedGlyph.swift:28	PlacedGlyph	let	font
MetalUIText	Sources/MetalUIText/PlacedGlyph.swift:34	PlacedGlyph	let	pixelX
MetalUIText	Sources/MetalUIText/PlacedGlyph.swift:38	PlacedGlyph	let	baselineY
MetalUIText	Sources/MetalUIText/PlacedGlyph.swift:88	ShapedText	func	placedGlyphs
MetalUIText	Sources/MetalUIText/ShapedText.swift:23	-	struct	ShapedLine
MetalUIText	Sources/MetalUIText/ShapedText.swift:25	ShapedLine	let	line
MetalUIText	Sources/MetalUIText/ShapedText.swift:31	ShapedLine	let	advance
MetalUIText	Sources/MetalUIText/ShapedText.swift:37	ShapedLine	let	sourceRange
MetalUIText	Sources/MetalUIText/ShapedText.swift:42	ShapedLine	let	trailingWhitespace
MetalUIText	Sources/MetalUIText/ShapedText.swift:66	-	struct	ShapedText
MetalUIText	Sources/MetalUIText/ShapedText.swift:67	ShapedText	let	lines
MetalUIText	Sources/MetalUIText/ShapedText.swift:71	ShapedText	let	widestLine
MetalUIText	Sources/MetalUIText/ShapedText.swift:78	ShapedText	let	totalHeight
MetalUIText	Sources/MetalUIText/ShapedText.swift:84	ShapedText	let	lineOffsets
MetalUIText	Sources/MetalUIText/ShapedText.swift:95	-	enum	Shaper
MetalUIText	Sources/MetalUIText/ShapedText.swift:107	Shaper	func	shape
MetalUIText	Sources/MetalUIText/ShapedText.swift:140	Shaper	func	alignmentOffset
MetalUIText	Sources/MetalUIText/ShapedText.swift:269	Shaper	func	shape
MetalUIText	Sources/MetalUIText/ShapingCache.swift:38	-	class	ShapingCache
MetalUIText	Sources/MetalUIText/ShapingCache.swift:220	ShapingCache	init	init
MetalUIText	Sources/MetalUIText/ShapingCache.swift:233	ShapingCache	func	registerFont
MetalUIText	Sources/MetalUIText/ShapingCache.swift:239	ShapingCache	func	font
MetalUIText	Sources/MetalUIText/ShapingCache.swift:334	ShapingCache	func	resolveFont
MetalUIText	Sources/MetalUIText/ShapingCache.swift:345	ShapingCache	func	resolveFont
MetalUIText	Sources/MetalUIText/ShapingCache.swift:360	ShapingCache	func	shaped
MetalUIText	Sources/MetalUIText/ShapingCache.swift:366	ShapingCache	func	shaped
MetalUIText	Sources/MetalUIText/ShapingCache.swift:401	ShapingCache	func	beginFrame
MetalUIText	Sources/MetalUIText/ShapingCache.swift:428	ShapingCache	func	endFrame
MetalUIAppKit	Sources/MetalUIAppKit/AppKitPlatform.swift:649	-	class	AppKitPlatform
MetalUIAppKit	Sources/MetalUIAppKit/AppKitPlatform.swift:659	AppKitPlatform	init	init
MetalUIAppKit	Sources/MetalUIAppKit/AppKitPlatform.swift:664	AppKitPlatform	init	init
MetalUIAppKit	Sources/MetalUIAppKit/AppKitPlatform.swift:679	AppKitPlatform	func	openWindow
MetalUIAppKit	Sources/MetalUIAppKit/AppKitPlatform.swift:689	AppKitPlatform	func	run
MetalUIScene	Sources/MetalUIScene/Atlas.swift:26	-	struct	GlyphKey
MetalUIScene	Sources/MetalUIScene/Atlas.swift:27	GlyphKey	let	font
MetalUIScene	Sources/MetalUIScene/Atlas.swift:30	GlyphKey	let	glyph
MetalUIScene	Sources/MetalUIScene/Atlas.swift:31	GlyphKey	let	size
MetalUIScene	Sources/MetalUIScene/Atlas.swift:32	GlyphKey	let	subpixelVariant
MetalUIScene	Sources/MetalUIScene/Atlas.swift:33	GlyphKey	let	scaleFactor
MetalUIScene	Sources/MetalUIScene/Atlas.swift:35	GlyphKey	init	init
MetalUIScene	Sources/MetalUIScene/Atlas.swift:47	-	struct	AtlasSlot
MetalUIScene	Sources/MetalUIScene/Atlas.swift:48	AtlasSlot	let	x
MetalUIScene	Sources/MetalUIScene/Atlas.swift:49	AtlasSlot	let	y
MetalUIScene	Sources/MetalUIScene/Atlas.swift:50	AtlasSlot	let	width
MetalUIScene	Sources/MetalUIScene/Atlas.swift:51	AtlasSlot	let	height
MetalUIScene	Sources/MetalUIScene/Atlas.swift:77	-	struct	PackedGlyph
MetalUIScene	Sources/MetalUIScene/Atlas.swift:79	PackedGlyph	let	slot
MetalUIScene	Sources/MetalUIScene/Atlas.swift:84	PackedGlyph	let	left
MetalUIScene	Sources/MetalUIScene/Atlas.swift:89	PackedGlyph	let	top
MetalUIScene	Sources/MetalUIScene/Atlas.swift:100	-	class	GlyphAtlas
MetalUIScene	Sources/MetalUIScene/Atlas.swift:101	GlyphAtlas	let	width
MetalUIScene	Sources/MetalUIScene/Atlas.swift:102	GlyphAtlas	let	height
MetalUIScene	Sources/MetalUIScene/Atlas.swift:105	GlyphAtlas	var	pixels
MetalUIScene	Sources/MetalUIScene/Atlas.swift:111	GlyphAtlas	var	dirtyRect
MetalUIScene	Sources/MetalUIScene/Atlas.swift:141	GlyphAtlas	var	isBuildingFrame
MetalUIScene	Sources/MetalUIScene/Atlas.swift:149	GlyphAtlas	var	currentGeneration
MetalUIScene	Sources/MetalUIScene/Atlas.swift:158	GlyphAtlas	init	init
MetalUIScene	Sources/MetalUIScene/Atlas.swift:173	GlyphAtlas	func	slot
MetalUIScene	Sources/MetalUIScene/Atlas.swift:192	GlyphAtlas	func	packed
MetalUIScene	Sources/MetalUIScene/Atlas.swift:233	GlyphAtlas	func	beginFrame
MetalUIScene	Sources/MetalUIScene/Atlas.swift:241	GlyphAtlas	func	endFrame
MetalUIScene	Sources/MetalUIScene/Atlas.swift:261	GlyphAtlas	func	evictUnusedSince
MetalUIScene	Sources/MetalUIScene/Atlas.swift:276	GlyphAtlas	func	clearDirtyRect
MetalUIScene	Sources/MetalUIScene/FontKey.swift:54	-	struct	FontKey
MetalUIScene	Sources/MetalUIScene/FontKey.swift:56	FontKey	struct	VariationCoordinate
MetalUIScene	Sources/MetalUIScene/FontKey.swift:58	FontKey.VariationCoordinate	let	axis
MetalUIScene	Sources/MetalUIScene/FontKey.swift:59	FontKey.VariationCoordinate	let	value
MetalUIScene	Sources/MetalUIScene/FontKey.swift:66	FontKey	struct	Matrix
MetalUIScene	Sources/MetalUIScene/FontKey.swift:67	FontKey.Matrix	let	a
MetalUIScene	Sources/MetalUIScene/FontKey.swift:74	FontKey	let	postScriptName
MetalUIScene	Sources/MetalUIScene/FontKey.swift:75	FontKey	let	size
MetalUIScene	Sources/MetalUIScene/FontKey.swift:78	FontKey	let	variations
MetalUIScene	Sources/MetalUIScene/FontKey.swift:79	FontKey	let	matrix
MetalUIScene	Sources/MetalUIScene/FontKey.swift:157	FontKey	func	==
MetalUIScene	Sources/MetalUIScene/FontKey.swift:167	FontKey	func	hash
MetalUIScene	Sources/MetalUIScene/GlyphImage.swift:5	-	struct	GlyphImage
MetalUIScene	Sources/MetalUIScene/GlyphImage.swift:6	GlyphImage	let	width
MetalUIScene	Sources/MetalUIScene/GlyphImage.swift:7	GlyphImage	let	height
MetalUIScene	Sources/MetalUIScene/GlyphImage.swift:15	GlyphImage	let	bytes
MetalUIScene	Sources/MetalUIScene/GlyphImage.swift:31	GlyphImage	let	left
MetalUIScene	Sources/MetalUIScene/GlyphImage.swift:35	GlyphImage	let	top
MetalUIScene	Sources/MetalUIScene/GlyphImage.swift:60	GlyphImage	var	isEmpty
MetalUIScene	Sources/MetalUIScene/GlyphImage.swift:65	GlyphImage	let	subpixelVariants
MetalUIScene	Sources/MetalUIScene/GlyphImage.swift:85	GlyphImage	func	subpixelPlacement
MetalUIScene	Sources/MetalUIScene/ImageTexture.swift:14	-	class	ImageTexture
MetalUIScene	Sources/MetalUIScene/ImageTexture.swift:15	ImageTexture	let	width
MetalUIScene	Sources/MetalUIScene/ImageTexture.swift:16	ImageTexture	let	height
MetalUIScene	Sources/MetalUIScene/ImageTexture.swift:18	ImageTexture	let	pixels
MetalUIScene	Sources/MetalUIScene/ImageTexture.swift:23	ImageTexture	init	init
MetalUIScene	Sources/MetalUIScene/ImageTexture.swift:40	ImageTexture	init	init
MetalUIScene	Sources/MetalUIScene/ImageTexture.swift:60	-	enum	ImageFilter
MetalUIScene	Sources/MetalUIScene/ImageTexture.swift:66	-	enum	PrimitiveShape
MetalUIScene	Sources/MetalUIScene/Scene.swift:4	-	enum	PrimitiveKind
MetalUIScene	Sources/MetalUIScene/Scene.swift:12	-	struct	DrawRun
MetalUIScene	Sources/MetalUIScene/Scene.swift:13	DrawRun	let	kind
MetalUIScene	Sources/MetalUIScene/Scene.swift:14	DrawRun	let	start
MetalUIScene	Sources/MetalUIScene/Scene.swift:15	DrawRun	let	count
MetalUIScene	Sources/MetalUIScene/Scene.swift:25	-	struct	Scene
MetalUIScene	Sources/MetalUIScene/Scene.swift:26	Scene	var	rects
MetalUIScene	Sources/MetalUIScene/Scene.swift:29	Scene	var	glyphs
MetalUIScene	Sources/MetalUIScene/Scene.swift:32	Scene	var	images
MetalUIScene	Sources/MetalUIScene/Scene.swift:38	Scene	var	textures
MetalUIScene	Sources/MetalUIScene/Scene.swift:41	Scene	var	drawList
MetalUIScene	Sources/MetalUIScene/Scene.swift:67	Scene	init	init
MetalUIScene	Sources/MetalUIScene/Scene.swift:76	Scene	var	isEmpty
MetalUIScene	Sources/MetalUIScene/Scene.swift:78	Scene	func	insert
MetalUIScene	Sources/MetalUIScene/Scene.swift:85	Scene	func	insert
MetalUIScene	Sources/MetalUIScene/Scene.swift:95	Scene	func	insert
MetalUIScene	Sources/MetalUIScene/Scene.swift:109	Scene	func	clear
MetalUIScene	Sources/MetalUIScene/Scene.swift:180	Scene	func	finalize
MetalUIFreeType	Sources/MetalUIFreeType/FreeTypeFont.swift:5	-	struct	FreeTypeError
MetalUIFreeType	Sources/MetalUIFreeType/FreeTypeFont.swift:6	FreeTypeError	let	operation
MetalUIFreeType	Sources/MetalUIFreeType/FreeTypeFont.swift:7	FreeTypeError	let	code
MetalUIFreeType	Sources/MetalUIFreeType/FreeTypeFont.swift:8	FreeTypeError	var	description
MetalUIFreeType	Sources/MetalUIFreeType/FreeTypeFont.swift:17	-	class	FreeTypeFont
MetalUIFreeType	Sources/MetalUIFreeType/FreeTypeFont.swift:24	FreeTypeFont	let	size
MetalUIFreeType	Sources/MetalUIFreeType/FreeTypeFont.swift:27	FreeTypeFont	let	key
MetalUIFreeType	Sources/MetalUIFreeType/FreeTypeFont.swift:30	FreeTypeFont	init	init
MetalUIFreeType	Sources/MetalUIFreeType/FreeTypeFont.swift:77	FreeTypeFont	var	unitsPerEm
MetalUIFreeType	Sources/MetalUIFreeType/FreeTypeFont.swift:88	FreeTypeFont	var	horizontalHeader
MetalUIFreeType	Sources/MetalUIFreeType/FreeTypeFont.swift:100	FreeTypeFont	var	familyName
MetalUIFreeType	Sources/MetalUIFreeType/FreeTypeFont.swift:105	FreeTypeFont	var	styleName
MetalUIFreeType	Sources/MetalUIFreeType/FreeTypeFont.swift:111	FreeTypeFont	var	weightAndWidthClass
MetalUIFreeType	Sources/MetalUIFreeType/FreeTypeFont.swift:121	FreeTypeFont	var	postScriptName
MetalUIFreeType	Sources/MetalUIFreeType/FreeTypeFont.swift:127	FreeTypeFont	var	fullName
MetalUIFreeType	Sources/MetalUIFreeType/FreeTypeFont.swift:160	FreeTypeFont	var	format
MetalUIFreeType	Sources/MetalUIFreeType/FreeTypeFont.swift:167	FreeTypeFont	func	glyph
MetalUIFreeType	Sources/MetalUIFreeType/FreeTypeFont.swift:175	-	struct	FreeTypeFaceNames
MetalUIFreeType	Sources/MetalUIFreeType/FreeTypeFont.swift:176	FreeTypeFaceNames	let	faceIndex
MetalUIFreeType	Sources/MetalUIFreeType/FreeTypeFont.swift:177	FreeTypeFaceNames	let	postScript
MetalUIFreeType	Sources/MetalUIFreeType/FreeTypeFont.swift:178	FreeTypeFaceNames	let	family
MetalUIFreeType	Sources/MetalUIFreeType/FreeTypeFont.swift:179	FreeTypeFaceNames	let	full
MetalUIFreeType	Sources/MetalUIFreeType/FreeTypeFont.swift:181	FreeTypeFaceNames	let	style
MetalUIFreeType	Sources/MetalUIFreeType/FreeTypeFont.swift:185	FreeTypeFaceNames	let	weightClass
MetalUIFreeType	Sources/MetalUIFreeType/FreeTypeFont.swift:187	FreeTypeFaceNames	let	widthClass
MetalUIFreeType	Sources/MetalUIFreeType/FreeTypeFont.swift:189	FreeTypeFaceNames	init	init
MetalUIFreeType	Sources/MetalUIFreeType/FreeTypeFont.swift:204	FreeTypeFaceNames	func	read
MetalUIFreeType	Sources/MetalUIFreeType/FreeTypeRaster.swift:7	-	enum	FreeTypeRaster
MetalUIFreeType	Sources/MetalUIFreeType/FreeTypeRaster.swift:22	FreeTypeRaster	func	rasterize
MetalUIHarfBuzz	Sources/MetalUIHarfBuzz/HarfBuzzFont.swift:4	-	struct	HarfBuzzError
MetalUIHarfBuzz	Sources/MetalUIHarfBuzz/HarfBuzzFont.swift:5	HarfBuzzError	let	operation
MetalUIHarfBuzz	Sources/MetalUIHarfBuzz/HarfBuzzFont.swift:6	HarfBuzzError	var	description
MetalUIHarfBuzz	Sources/MetalUIHarfBuzz/HarfBuzzFont.swift:17	-	class	HarfBuzzFont
MetalUIHarfBuzz	Sources/MetalUIHarfBuzz/HarfBuzzFont.swift:23	HarfBuzzFont	let	size
MetalUIHarfBuzz	Sources/MetalUIHarfBuzz/HarfBuzzFont.swift:25	HarfBuzzFont	let	unitsPerEm
MetalUIHarfBuzz	Sources/MetalUIHarfBuzz/HarfBuzzFont.swift:27	HarfBuzzFont	init	init
MetalUIHarfBuzz	Sources/MetalUIHarfBuzz/HarfBuzzFont.swift:70	HarfBuzzFont	func	glyph
MetalUIHarfBuzz	Sources/MetalUIHarfBuzz/HarfBuzzFont.swift:79	HarfBuzzFont	func	nominalAdvance
MetalUIHarfBuzz	Sources/MetalUIHarfBuzz/HarfBuzzFont.swift:87	HarfBuzzFont	func	ligatureCarets
MetalUIHarfBuzz	Sources/MetalUIHarfBuzz/HarfBuzzShaper.swift:4	-	struct	ShapedGlyph
MetalUIHarfBuzz	Sources/MetalUIHarfBuzz/HarfBuzzShaper.swift:6	ShapedGlyph	let	id
MetalUIHarfBuzz	Sources/MetalUIHarfBuzz/HarfBuzzShaper.swift:12	ShapedGlyph	let	cluster
MetalUIHarfBuzz	Sources/MetalUIHarfBuzz/HarfBuzzShaper.swift:13	ShapedGlyph	let	xAdvance
MetalUIHarfBuzz	Sources/MetalUIHarfBuzz/HarfBuzzShaper.swift:14	ShapedGlyph	let	yAdvance
MetalUIHarfBuzz	Sources/MetalUIHarfBuzz/HarfBuzzShaper.swift:15	ShapedGlyph	let	xOffset
MetalUIHarfBuzz	Sources/MetalUIHarfBuzz/HarfBuzzShaper.swift:16	ShapedGlyph	let	yOffset
MetalUIHarfBuzz	Sources/MetalUIHarfBuzz/HarfBuzzShaper.swift:21	-	struct	ShapedRun
MetalUIHarfBuzz	Sources/MetalUIHarfBuzz/HarfBuzzShaper.swift:22	ShapedRun	let	glyphs
MetalUIHarfBuzz	Sources/MetalUIHarfBuzz/HarfBuzzShaper.swift:24	ShapedRun	let	advance
MetalUIHarfBuzz	Sources/MetalUIHarfBuzz/HarfBuzzShaper.swift:25	ShapedRun	let	isRightToLeft
MetalUIHarfBuzz	Sources/MetalUIHarfBuzz/HarfBuzzShaper.swift:28	-	enum	ShapingDirection
MetalUIHarfBuzz	Sources/MetalUIHarfBuzz/HarfBuzzShaper.swift:40	-	enum	HarfBuzzShaper
MetalUIHarfBuzz	Sources/MetalUIHarfBuzz/HarfBuzzShaper.swift:41	HarfBuzzShaper	func	shape
MetalUIPortableText	Sources/MetalUIPortableText/CaretOffsets.swift:31	PortableText	func	caretOffsets
MetalUIPortableText	Sources/MetalUIPortableText/ContentSizes.swift:11	PortableText	func	unbreakableRuns
MetalUIPortableText	Sources/MetalUIPortableText/ContentSizes.swift:28	PortableText	func	minContentWidth
MetalUIPortableText	Sources/MetalUIPortableText/ContentSizes.swift:36	PortableText	func	maxContentWidth
MetalUIPortableText	Sources/MetalUIPortableText/LineBreaking.swift:6	-	enum	LineBreakOpportunity
MetalUIPortableText	Sources/MetalUIPortableText/LineBreaking.swift:18	-	struct	PortableLine
MetalUIPortableText	Sources/MetalUIPortableText/LineBreaking.swift:21	PortableLine	let	range
MetalUIPortableText	Sources/MetalUIPortableText/LineBreaking.swift:23	PortableLine	let	advance
MetalUIPortableText	Sources/MetalUIPortableText/LineBreaking.swift:64	PortableText	func	lineBreaks
MetalUIPortableText	Sources/MetalUIPortableText/LineBreaking.swift:94	PortableText	func	lines
MetalUIPortableText	Sources/MetalUIPortableText/LineEmission.swift:6	-	struct	PortableParagraph
MetalUIPortableText	Sources/MetalUIPortableText/LineEmission.swift:8	PortableParagraph	let	lines
MetalUIPortableText	Sources/MetalUIPortableText/LineEmission.swift:10	PortableParagraph	let	height
MetalUIPortableText	Sources/MetalUIPortableText/LineEmission.swift:28	PortableText	func	emitLines
MetalUIPortableText	Sources/MetalUIPortableText/PortableFontResolver.swift:27	-	class	PortableFontResolver
MetalUIPortableText	Sources/MetalUIPortableText/PortableFontResolver.swift:73	PortableFontResolver	init	init
MetalUIPortableText	Sources/MetalUIPortableText/PortableFontResolver.swift:80	PortableFontResolver	init	init
MetalUIPortableText	Sources/MetalUIPortableText/PortableFontResolver.swift:87	PortableFontResolver	func	register
MetalUIPortableText	Sources/MetalUIPortableText/PortableFontResolver.swift:101	PortableFontResolver	func	register
MetalUIPortableText	Sources/MetalUIPortableText/PortableFontResolver.swift:119	PortableFontResolver	func	resolve
MetalUIPortableText	Sources/MetalUIPortableText/PortableFontResolver.swift:150	PortableFontResolver	func	resolve
MetalUIPortableText	Sources/MetalUIPortableText/PortableFontResolver.swift:191	PortableFontResolver	func	register
MetalUIPortableText	Sources/MetalUIPortableText/PortableText.swift:9	-	class	PortableFont
MetalUIPortableText	Sources/MetalUIPortableText/PortableText.swift:14	PortableFont	let	size
MetalUIPortableText	Sources/MetalUIPortableText/PortableText.swift:17	PortableFont	var	key
MetalUIPortableText	Sources/MetalUIPortableText/PortableText.swift:19	PortableFont	let	metrics
MetalUIPortableText	Sources/MetalUIPortableText/PortableText.swift:24	PortableFont	var	fallbacks
MetalUIPortableText	Sources/MetalUIPortableText/PortableText.swift:35	PortableFont	init	init
MetalUIPortableText	Sources/MetalUIPortableText/PortableText.swift:90	-	struct	PortableFontMetrics
MetalUIPortableText	Sources/MetalUIPortableText/PortableText.swift:91	PortableFontMetrics	let	ascent
MetalUIPortableText	Sources/MetalUIPortableText/PortableText.swift:92	PortableFontMetrics	let	descent
MetalUIPortableText	Sources/MetalUIPortableText/PortableText.swift:93	PortableFontMetrics	let	leading
MetalUIPortableText	Sources/MetalUIPortableText/PortableText.swift:98	PortableFontMetrics	var	lineHeight
MetalUIPortableText	Sources/MetalUIPortableText/PortableText.swift:100	PortableFontMetrics	init	init
MetalUIPortableText	Sources/MetalUIPortableText/PortableText.swift:107	-	struct	PortableTextError
MetalUIPortableText	Sources/MetalUIPortableText/PortableText.swift:108	PortableTextError	let	description
MetalUIPortableText	Sources/MetalUIPortableText/PortableText.swift:120	-	enum	PortableText
MetalUIPortableText	Sources/MetalUIPortableText/PortableText.swift:132	PortableText	func	emit
MetalUIPortableText	Sources/MetalUIPortableText/PortableTextSystem.swift:14	-	class	PortableTextSystem
MetalUIPortableText	Sources/MetalUIPortableText/PortableTextSystem.swift:15	PortableTextSystem	let	resolver
MetalUIPortableText	Sources/MetalUIPortableText/PortableTextSystem.swift:34	PortableTextSystem	init	init
MetalUIPortableText	Sources/MetalUIPortableText/PortableTextSystem.swift:38	PortableTextSystem	func	resolveFont
MetalUIPortableText	Sources/MetalUIPortableText/PortableTextSystem.swift:46	PortableTextSystem	func	fontMetrics
MetalUIPortableText	Sources/MetalUIPortableText/PortableTextSystem.swift:52	PortableTextSystem	func	measure
MetalUIPortableText	Sources/MetalUIPortableText/PortableTextSystem.swift:69	PortableTextSystem	func	caretOffsets
MetalUIPortableText	Sources/MetalUIPortableText/PortableTextSystem.swift:73	PortableTextSystem	func	lineRanges
MetalUIPortableText	Sources/MetalUIPortableText/PortableTextSystem.swift:80	PortableTextSystem	func	placeGlyphs
MetalUIPortableText	Sources/MetalUIPortableText/PortableTextSystem.swift:96	PortableTextSystem	func	rasterize
MetalUIPortableText	Sources/MetalUIPortableText/PortableTextSystem.swift:102	PortableTextSystem	func	beginFrame
MetalUIPortableText	Sources/MetalUIPortableText/PortableTextSystem.swift:106	PortableTextSystem	func	endFrame
MetalUISystemFonts	Sources/MetalUISystemFonts/SystemFonts.swift:25	-	enum	SystemFonts
MetalUISystemFonts	Sources/MetalUISystemFonts/SystemFonts.swift:26	SystemFonts	struct	NoFontsFound
MetalUISystemFonts	Sources/MetalUISystemFonts/SystemFonts.swift:27	SystemFonts.NoFontsFound	let	directories
MetalUISystemFonts	Sources/MetalUISystemFonts/SystemFonts.swift:28	SystemFonts.NoFontsFound	var	description
MetalUISystemFonts	Sources/MetalUISystemFonts/SystemFonts.swift:32	SystemFonts	struct	Face
MetalUISystemFonts	Sources/MetalUISystemFonts/SystemFonts.swift:33	SystemFonts.Face	let	path
MetalUISystemFonts	Sources/MetalUISystemFonts/SystemFonts.swift:34	SystemFonts.Face	let	names
MetalUISystemFonts	Sources/MetalUISystemFonts/SystemFonts.swift:40	SystemFonts	var	directories
MetalUISystemFonts	Sources/MetalUISystemFonts/SystemFonts.swift:59	SystemFonts	var	defaultFamilies
MetalUISystemFonts	Sources/MetalUISystemFonts/SystemFonts.swift:72	SystemFonts	var	fallbackFamilies
MetalUISystemFonts	Sources/MetalUISystemFonts/SystemFonts.swift:90	SystemFonts	func	scan
MetalUISystemFonts	Sources/MetalUISystemFonts/SystemFonts.swift:110	SystemFonts	func	resolver
MetalUISystemFonts	Sources/MetalUISystemFonts/SystemFonts.swift:163	SystemFonts.Face	func	hash
MetalUIDemoContent	Sources/MetalUIDemoContent/ControlsDemo.swift:17	-	func	controlsDemoContent
MetalUIDemoContent	Sources/MetalUIDemoContent/DemoContent.swift:85	-	class	DemoModel
MetalUIDemoContent	Sources/MetalUIDemoContent/DemoContent.swift:86	DemoModel	var	showModal
MetalUIDemoContent	Sources/MetalUIDemoContent/DemoContent.swift:96	DemoModel	var	animationDemoActive
MetalUIDemoContent	Sources/MetalUIDemoContent/DemoContent.swift:100	DemoModel	var	fieldText
MetalUIDemoContent	Sources/MetalUIDemoContent/DemoContent.swift:101	DemoModel	var	secondFieldText
MetalUIDemoContent	Sources/MetalUIDemoContent/DemoContent.swift:103	DemoModel	var	editorText
MetalUIDemoContent	Sources/MetalUIDemoContent/DemoContent.swift:106	-	let	demoModel
MetalUIDemoContent	Sources/MetalUIDemoContent/DemoContent.swift:171	-	struct	Increment
MetalUIDemoContent	Sources/MetalUIDemoContent/DemoContent.swift:172	-	struct	Decrement
MetalUIDemoContent	Sources/MetalUIDemoContent/DemoContent.swift:177	-	struct	FocusCounter
MetalUIDemoContent	Sources/MetalUIDemoContent/DemoContent.swift:178	-	struct	ClearFocus
MetalUIDemoContent	Sources/MetalUIDemoContent/DemoContent.swift:179	-	struct	ToggleTheme
MetalUIDemoContent	Sources/MetalUIDemoContent/DemoContent.swift:180	-	struct	ToggleModal
MetalUIDemoContent	Sources/MetalUIDemoContent/DemoContent.swift:183	-	struct	ToggleAnimationDemo
MetalUIDemoContent	Sources/MetalUIDemoContent/DemoContent.swift:188	-	struct	QuitDemo
MetalUIDemoContent	Sources/MetalUIDemoContent/DemoContent.swift:201	-	var	demoWindow
MetalUIDemoContent	Sources/MetalUIDemoContent/DemoContent.swift:213	-	var	counterID
MetalUIDemoContent	Sources/MetalUIDemoContent/DemoContent.swift:329	CounterPanel	func	requestLayout
MetalUIDemoContent	Sources/MetalUIDemoContent/DemoContent.swift:367	CounterPanel	func	prepaint
MetalUIDemoContent	Sources/MetalUIDemoContent/DemoContent.swift:373	CounterPanel	func	paint
MetalUIDemoContent	Sources/MetalUIDemoContent/DemoContent.swift:408	-	func	demoContent
MetalUIDemoContent	Sources/MetalUIDemoContent/DemoContent.swift:1140	-	func	nativeLayoutPreviewContent
MetalUIDemoContent	Sources/MetalUIDemoContent/DemoContent.swift:1230	-	func	textInputDemoContent
